{
  "model_type": "nwpa",
  "test_metrics": {
    "classification": {
      "model_type": {
        "accuracy": 0.0,
        "precision": 0.0,
        "recall": 0.0,
        "f1_score": 0.0
      },
      "average": {
        "accuracy": 0.0,
        "precision": 0.0,
        "recall": 0.0,
        "f1_score": 0.0
      }
    },
    "regression": {
      "r2_score": -3789788.5687274537,
      "mse": 0.02811121604948615,
      "mae": 0.11832415995498498,
      "per_target": {
        "r2_score": [
          -3.1996254920959473,
          -30.419763565063477,
          -1.033168077468872,
          -2708171.25,
          -20030484.0,
          -41.50980758666992
        ],
        "mse": [
          0.10417696833610535,
          0.03800201416015625,
          0.02033168449997902,
          0.0021558632142841816,
          0.0024831201881170273,
          0.0015176458982750773
        ],
        "mae": [
          0.2817280888557434,
          0.19181376695632935,
          0.10164488852024078,
          0.04643126577138901,
          0.04983091354370117,
          0.03849603608250618
        ]
      }
    }
  },
  "args": {
    "seed": 42,
    "log_dir": "/home/chenhui/mlr-bench/pipeline_claude/iclr2025_wsl/results",
    "output_dir": "/home/chenhui/mlr-bench/pipeline_claude/iclr2025_wsl/results",
    "data_dir": "./data",
    "num_models": 10,
    "val_split": 0.15,
    "test_split": 0.15,
    "model_type": "nwpa",
    "batch_size": 32,
    "epochs": 5,
    "lr": 0.001,
    "weight_decay": 1e-05,
    "device": "cuda",
    "hidden_dim": 128,
    "num_layers": 3,
    "dropout": 0.1,
    "use_attention": false,
    "save_model": true,
    "eval_only": false,
    "model_path": null
  }
}