{
  "model_type": "pca",
  "test_metrics": {
    "classification": {
      "model_type": {
        "accuracy": 0.5,
        "precision": 0.5,
        "recall": 0.5,
        "f1_score": 0.5
      },
      "average": {
        "accuracy": 0.5,
        "precision": 0.5,
        "recall": 0.5,
        "f1_score": 0.5
      }
    },
    "regression": {
      "r2_score": -2940947910.545059,
      "mse": 0.18201316702955714,
      "mae": 0.27813462167978287,
      "per_target": {
        "r2_score": [
          -1134.851806640625,
          0.26230090856552124,
          -1.815650463104248,
          -710179.8125,
          -17644976128.0,
          -19.052701950073242
        ],
        "mse": [
          0.113584965467453,
          0.8236303925514221,
          0.06335213780403137,
          0.001139664789661765,
          0.06745903939008713,
          0.022912802174687386
        ],
        "mae": [
          0.3339728116989136,
          0.7283273935317993,
          0.24664771556854248,
          0.02807977795600891,
          0.21231208741664886,
          0.11946794390678406
        ]
      }
    }
  },
  "args": {
    "seed": 42,
    "log_dir": "/home/chenhui/mlr-bench/pipeline_claude/iclr2025_wsl/results",
    "output_dir": "/home/chenhui/mlr-bench/pipeline_claude/iclr2025_wsl/results",
    "data_dir": "./data",
    "num_models": 10,
    "val_split": 0.15,
    "test_split": 0.15,
    "model_type": "pca",
    "batch_size": 32,
    "epochs": 5,
    "lr": 0.001,
    "weight_decay": 1e-05,
    "device": "cuda",
    "hidden_dim": 128,
    "num_layers": 3,
    "dropout": 0.1,
    "use_attention": false,
    "save_model": true,
    "eval_only": false,
    "model_path": null
  }
}