{
  "model_type": "statistics",
  "test_metrics": {
    "classification": {
      "model_type": {
        "accuracy": 0.5,
        "precision": 0.25,
        "recall": 0.5,
        "f1_score": 0.3333333333333333
      },
      "average": {
        "accuracy": 0.5,
        "precision": 0.25,
        "recall": 0.5,
        "f1_score": 0.3333333333333333
      }
    },
    "regression": {
      "r2_score": -1697885.2573538024,
      "mse": 0.706333639488245,
      "mae": 0.38891860904792946,
      "per_target": {
        "r2_score": [
          0.7869247198104858,
          -2.291266918182373,
          -8.104416847229004,
          -10175197.0,
          -11902.9716796875,
          -201.96368408203125
        ],
        "mse": [
          0.007096738088876009,
          4.144357681274414,
          0.005690260790288448,
          0.004425260704010725,
          0.0051049175672233105,
          0.07132697850465775
        ],
        "mae": [
          0.08016682416200638,
          1.8560529947280884,
          0.05506889149546623,
          0.06316805630922318,
          0.07049151510000229,
          0.20856337249279022
        ]
      }
    }
  },
  "args": {
    "seed": 42,
    "log_dir": "/home/chenhui/mlr-bench/pipeline_claude/iclr2025_wsl/results",
    "output_dir": "/home/chenhui/mlr-bench/pipeline_claude/iclr2025_wsl/results",
    "data_dir": "./data",
    "num_models": 10,
    "val_split": 0.15,
    "test_split": 0.15,
    "model_type": "statistics",
    "batch_size": 32,
    "epochs": 5,
    "lr": 0.001,
    "weight_decay": 1e-05,
    "device": "cuda",
    "hidden_dim": 128,
    "num_layers": 3,
    "dropout": 0.1,
    "use_attention": false,
    "save_model": true,
    "eval_only": false,
    "model_path": null
  }
}