{"0": -0.0, "1": 0.05345048010349274, "2": -0.018980395048856735, "3": 0.028576776385307312, "4": -0.026650136336684227}