{"bl_losses": [0.4546747548239572, 0.06338651957256454, 0.01729751138814858, 0.007335385906377009, 0.0043201483120875695, 0.0029557737787919386, 0.002176260791852006, 0.0018523726113406675, 0.0017718955308997206, 0.002256140894522624, 0.0016686904377170972, 0.0017346993970152522, 0.0011547655033479845, 0.001096514386257955, 0.001075129465399576, 0.0009264127043674567, 0.0009908593908351446, 0.000851445465481707, 0.0008667344310587006, 0.0007676905328740499], "dm_losses": [3.5938558919089183, 0.41413178331068984, 0.023999242594332566, 0.001616150889146541, 0.0005433346543993269, 0.00027649462728212323, 0.00021950374978782098, 0.00017149230728006972, 0.00017669549093365537, 0.0004507415142143145, 0.00018345121082217832, 0.00040556407098587703, 0.0001366682119753802, 0.00013607061165592832, 0.00013995026685214334, 0.00012635640267230234, 0.00014080573081238463, 0.00012356869293788414, 0.00013182666355403074, 0.00011925424528921471]}