{
  "model_type": "SimpleTransformer",
  "train_params": {
    "epochs": 9,
    "learning_rate": 0.00012008501108260807,
    "weight_decay": 0.0,
    "batch_size": 32,
    "train_noise": 0.0816570456809412,
    "seed": 4243
  },
  "performance": {
    "final_train_loss": 0.6117028164863586,
    "final_val_loss": 3.0263106536865236,
    "final_train_accuracy": 83.75,
    "final_val_accuracy": 18.0,
    "train_losses": [
      1.688676552772522,
      1.5664811992645264,
      1.5012906551361085,
      1.414838538169861,
      1.3009754276275636,
      1.1600201511383057,
      0.9945087695121765,
      0.8026847910881042,
      0.6117028164863586
    ],
    "val_losses": [
      1.884304313659668,
      1.897798442840576,
      1.9154824447631835,
      1.951938591003418,
      2.023716239929199,
      2.1610944175720217,
      2.361625862121582,
      2.6481267547607423,
      3.0263106536865236
    ],
    "train_accuracies": [
      21.625,
      30.0,
      34.125,
      40.875,
      49.375,
      57.5,
      63.875,
      74.625,
      83.75
    ],
    "val_accuracies": [
      18.0,
      16.5,
      16.5,
      16.0,
      16.0,
      16.0,
      16.0,
      18.0,
      18.0
    ]
  },
  "architecture": {
    "num_params": 2631429,
    "num_layers": 23,
    "layer_types": {
      "TransformerEncoder": 1,
      "NonDynamicallyQuantizableLinear": 2,
      "Linear": 5
    },
    "activation_types": {}
  },
  "weight_statistics": {
    "mean": 0.00041576431249268353,
    "std": 0.03680451959371567,
    "min": -0.09550920128822327,
    "max": 1.017498254776001,
    "sparsity": 3.1253049077958827e-05,
    "l1_norm": 65087.72265625,
    "l2_norm": 59.61967086791992,
    "layer_stats": {
      "transformer.layers.0.self_attn.in_proj_weight": {
        "mean": 3.914194167009555e-05,
        "std": 0.04492506384849548,
        "min": -0.09550920128822327,
        "max": 0.09700014442205429,
        "sparsity": 1.0172526041666666e-05
      },
      "transformer.layers.0.self_attn.out_proj.weight": {
        "mean": 0.00012238230556249619,
        "std": 0.036521341651678085,
        "min": -0.07888422161340714,
        "max": 0.07583590596914291,
        "sparsity": 0.0
      },
      "transformer.layers.0.linear1.weight": {
        "mean": 4.5095795940142125e-05,
        "std": 0.036288488656282425,
        "min": -0.07766997814178467,
        "max": 0.0811288133263588,
        "sparsity": 7.62939453125e-06
      },
      "transformer.layers.0.linear2.weight": {
        "mean": -1.5971123502822593e-05,
        "std": 0.012975137680768967,
        "min": -0.029376044869422913,
        "max": 0.02962418831884861,
        "sparsity": 6.29425048828125e-05
      },
      "transformer.layers.0.norm1.weight": {
        "mean": 0.9994184970855713,
        "std": 0.00477823568508029,
        "min": 0.987717866897583,
        "max": 1.0117790699005127,
        "sparsity": 0.0
      },
      "transformer.layers.0.norm2.weight": {
        "mean": 1.0010193586349487,
        "std": 0.004770736675709486,
        "min": 0.9878847002983093,
        "max": 1.0148197412490845,
        "sparsity": 0.0
      },
      "transformer.layers.1.self_attn.in_proj_weight": {
        "mean": 4.2591844248818234e-05,
        "std": 0.04484253749251366,
        "min": -0.0916111022233963,
        "max": 0.09375958144664764,
        "sparsity": 2.5431315104166668e-05
      },
      "transformer.layers.1.self_attn.out_proj.weight": {
        "mean": 0.00013071871944703162,
        "std": 0.036561716347932816,
        "min": -0.07405145466327667,
        "max": 0.07450689375400543,
        "sparsity": 1.52587890625e-05
      },
      "transformer.layers.1.linear1.weight": {
        "mean": 4.3571661080932245e-05,
        "std": 0.03632714971899986,
        "min": -0.07731222361326218,
        "max": 0.07700339704751968,
        "sparsity": 1.52587890625e-05
      },
      "transformer.layers.1.linear2.weight": {
        "mean": -1.2442414117685985e-05,
        "std": 0.012979288585484028,
        "min": -0.03020787611603737,
        "max": 0.03070942312479019,
        "sparsity": 5.53131103515625e-05
      },
      "transformer.layers.1.norm1.weight": {
        "mean": 0.9991152286529541,
        "std": 0.005067955236881971,
        "min": 0.9848377108573914,
        "max": 1.0140047073364258,
        "sparsity": 0.0
      },
      "transformer.layers.1.norm2.weight": {
        "mean": 1.005425214767456,
        "std": 0.003574022324755788,
        "min": 0.9965060353279114,
        "max": 1.017498254776001,
        "sparsity": 0.0
      },
      "fc.weight": {
        "mean": 0.0010447502136230469,
        "std": 0.03814895451068878,
        "min": -0.07276462018489838,
        "max": 0.07238248735666275,
        "sparsity": 0.0
      }
    }
  },
  "eigenvalues": {
    "transformer.layers.0.self_attn.in_proj_weight": [
      3.7989392280578613,
      3.7284388542175293,
      3.6229746341705322,
      3.5949501991271973,
      3.560018301010132,
      3.485682487487793,
      3.456958055496216,
      3.4470839500427246,
      3.4089536666870117,
      3.3593056201934814
    ],
    "transformer.layers.0.self_attn.out_proj.weight": [
      1.65601646900177,
      1.5287353992462158,
      1.447716236114502,
      1.3549598455429077,
      1.2009925842285156,
      1.1922706365585327,
      1.1785141229629517,
      1.15292227268219,
      1.1394048929214478,
      1.1072736978530884
    ],
    "transformer.layers.0.linear1.weight": [
      5.507495880126953,
      5.236679553985596,
      5.114973068237305,
      4.9730658531188965,
      4.778711318969727,
      4.7328081130981445,
      4.623055934906006,
      4.570125102996826,
      4.5567498207092285,
      4.468230724334717
    ],
    "transformer.layers.0.linear2.weight": [
      1.3027721643447876,
      1.142410159111023,
      1.0700403451919556,
      1.0434905290603638,
      0.6018264889717102,
      0.5846454501152039,
      0.5748140215873718,
      0.5734477043151855,
      0.5668814778327942,
      0.5643172264099121
    ],
    "transformer.layers.1.self_attn.in_proj_weight": [
      3.8137454986572266,
      3.733485698699951,
      3.6448330879211426,
      3.6082136631011963,
      3.5523509979248047,
      3.5059733390808105,
      3.4861457347869873,
      3.43495774269104,
      3.376016616821289,
      3.3488593101501465
    ],
    "transformer.layers.1.self_attn.out_proj.weight": [
      1.6904330253601074,
      1.5900293588638306,
      1.4402713775634766,
      1.424520492553711,
      1.2233610153198242,
      1.1927146911621094,
      1.1801223754882812,
      1.1494427919387817,
      1.121623158454895,
      1.098858118057251
    ],
    "transformer.layers.1.linear1.weight": [
      6.238028049468994,
      5.889652252197266,
      5.716685771942139,
      5.46633768081665,
      4.751760005950928,
      4.71427583694458,
      4.641875267028809,
      4.556776523590088,
      4.531063079833984,
      4.4994635581970215
    ],
    "transformer.layers.1.linear2.weight": [
      1.3363418579101562,
      1.2934516668319702,
      1.1734000444412231,
      1.0288753509521484,
      0.5994897484779358,
      0.5808419585227966,
      0.5748656988143921,
      0.5713001489639282,
      0.5689039826393127,
      0.5647953748703003
    ],
    "fc.weight": [
      0.46437254548072815,
      0.4410014748573303,
      0.3532518744468689,
      0.3341563642024994,
      0.27145397663116455
    ]
  },
  "graph_representation": {
    "nodes": [
      {
        "id": 0,
        "data": {
          "name": "transformer.layers.0.self_attn.in_proj_weight",
          "shape": [
            768,
            256
          ],
          "size": 196608,
          "layer_type": "transformer"
        }
      },
      {
        "id": 2,
        "data": {
          "name": "transformer.layers.0.self_attn.out_proj.weight",
          "shape": [
            256,
            256
          ],
          "size": 65536,