{
  "model_type": "SimpleRNN",
  "train_params": {
    "epochs": 10,
    "learning_rate": 0.001467168835555559,
    "weight_decay": 1.2271189562816027e-06,
    "batch_size": 64,
    "train_noise": 0.0,
    "seed": 6048
  },
  "performance": {
    "final_train_loss": 0.6941399717330933,
    "final_val_loss": 2.59928955078125,
    "final_train_accuracy": 87.25,
    "final_val_accuracy": 22.0,
    "train_losses": [
      1.683446044921875,
      1.600173406600952,
      1.5364476680755614,
      1.4666369247436524,
      1.3831972122192382,
      1.2810941743850708,
      1.157363338470459,
      1.0139542531967163,
      0.8577400660514831,
      0.6941399717330933
    ],
    "val_losses": [
      2.079631690979004,
      2.0804803466796873,
      2.087468376159668,
      2.1020521545410156,
      2.1271441268920896,
      2.167994728088379,
      2.235169219970703,
      2.3391655349731444,
      2.457451820373535,
      2.59928955078125
    ],
    "train_accuracies": [
      21.375,
      35.0,
      43.0,
      53.375,
      59.125,
      65.375,
      69.875,
      74.125,
      81.375,
      87.25
    ],
    "val_accuracies": [
      22.0,
      22.0,
      22.5,
      23.5,
      23.5,
      22.5,
      23.5,
      23.5,
      23.0,
      22.0
    ]
  },
  "architecture": {
    "num_params": 32197,
    "num_layers": 2,
    "layer_types": {
      "GRU": 1,
      "Linear": 1
    },
    "activation_types": {}
  },
  "weight_statistics": {
    "mean": -0.0007547948625870049,
    "std": 0.0945466160774231,
    "min": -0.3039894700050354,
    "max": 0.3101995587348938,
    "sparsity": 0.0,
    "l1_norm": 2471.59423828125,
    "l2_norm": 16.862733840942383,
    "layer_stats": {
      "rnn.weight_ih_l0": {
        "mean": -0.0014536395901814103,
        "std": 0.08953291177749634,
        "min": -0.2781309485435486,
        "max": 0.2739516496658325,
        "sparsity": 0.0
      },
      "rnn.weight_hh_l0": {
        "mean": 0.00036852751509286463,
        "std": 0.10050678253173828,
        "min": -0.3039894700050354,
        "max": 0.3101995587348938,
        "sparsity": 0.0
      },
      "fc.weight": {
        "mean": -0.0019596791826188564,
        "std": 0.13997533917427063,
        "min": -0.2689450979232788,
        "max": 0.2853318154811859,
        "sparsity": 0.0
      }
    }
  },
  "eigenvalues": {
    "rnn.weight_ih_l0": [
      4.6261067390441895,
      4.515787124633789,
      4.154606342315674,
      3.9387733936309814,
      3.89127779006958,
      3.8296496868133545,
      3.69852614402771,
      3.615705966949463,
      3.5839431285858154,
      3.5048015117645264
    ],
    "rnn.weight_hh_l0": [
      12.042540550231934,
      7.885770797729492,
      7.446969985961914,
      6.824310302734375,
      5.072534084320068,
      3.8858089447021484,
      3.34191632270813,
      3.1108510494232178,
      3.0118322372436523,
      2.8782958984375
    ],
    "fc.weight": [
      1.7418662309646606,
      1.6021687984466553,
      1.5173649787902832,
      1.1042146682739258,
      0.30540499091148376
    ]
  },
  "graph_representation": {
    "nodes": [
      {
        "id": 0,
        "data": {
          "name": "rnn.weight_ih_l0",
          "shape": [
            192,
            100
          ],
          "size": 19200,
          "layer_type": "rnn"
        }
      },
      {
        "id": 1,
        "data": {
          "name": "rnn.weight_hh_l0",
          "shape": [
            192,
            64
          ],
          "size": 12288,
          "layer_type": "rnn"
        }
      },
      {
        "id": 4,
        "data": {
          "name": "fc.weight",
          "shape": [
            5,
            64
          ],
          "size": 320,
          "layer_type": "fc"
        }
      }
    ],
    "edges": [
      [
        0,
        1,
        {
          "weight": 1.0
        }
      ],
      [
        1,
        4,
        {
          "weight": 1.0
        }
      ]
    ]
  },
  "training_dynamics": {
    "loss_decrease_rate": 0.5876672294743448,
    "accuracy_increase_rate": 0.8378378378378378,
    "convergence_epoch": 0,
    "overfitting_measure": 0.24987975613971006
  }
}