{
  "model_type": "SimpleMLP",
  "train_params": {
    "epochs": 11,
    "learning_rate": 0.0014722402594736649,
    "weight_decay": 0.0,
    "batch_size": 128,
    "train_noise": 0.040149812603829965,
    "seed": 138
  },
  "performance": {
    "final_train_loss": 0.0013449758646311238,
    "final_val_loss": 6.478731689453125,
    "final_train_accuracy": 100.0,
    "final_val_accuracy": 12.0,
    "train_losses": [
      2.585601348876953,
      2.4766733551025393,
      2.268774299621582,
      1.8185621833801269,
      1.1250682497024536,
      0.458908471763134,
      0.11268918212503194,
      0.020013159345835446,
      0.005214225389063358,
      0.002212443191674538,
      0.0013449758646311238
    ],
    "val_losses": [
      2.951793670654297,
      2.9595391845703123,
      2.9862825012207033,
      3.0601812744140626,
      3.3156668090820314,
      3.956556549072266,
      4.76386474609375,
      5.472054138183593,
      5.97685791015625,
      6.294853515625,
      6.478731689453125
    ],
    "train_accuracies": [
      8.75,
      20.5,
      45.625,
      68.125,
      82.625,
      96.375,
      99.5,
      100.0,
      100.0,
      100.0,
      100.0
    ],
    "val_accuracies": [
      10.5,
      10.5,
      8.5,
      7.0,
      10.5,
      12.5,
      12.0,
      12.0,
      12.0,
      12.5,
      12.0
    ]
  },
  "architecture": {
    "num_params": 115626,
    "num_layers": 8,
    "layer_types": {
      "Linear": 4
    },
    "activation_types": {
      "ReLU": 3
    }
  },
  "weight_statistics": {
    "mean": 0.0019522577058523893,
    "std": 0.04680389165878296,
    "min": -0.2551257312297821,
    "max": 0.26374194025993347,
    "sparsity": 4.340277777777778e-05,
    "l1_norm": 3878.0947265625,
    "l2_norm": 15.899580001831055,
    "layer_stats": {
      "layers.0.weight": {
        "mean": -3.806445238296874e-05,
        "std": 0.032395608723163605,
        "min": -0.1050305888056755,
        "max": 0.10469439625740051,
        "sparsity": 4.982461734693878e-05
      },
      "layers.2.weight": {
        "mean": 0.022752538323402405,
        "std": 0.07234103232622147,
        "min": -0.1599971354007721,
        "max": 0.16178171336650848,
        "sparsity": 0.0
      },
      "layers.4.weight": {
        "mean": 0.02041015774011612,
        "std": 0.11486656218767166,
        "min": -0.2551257312297821,
        "max": 0.26374194025993347,
        "sparsity": 0.0
      },
      "layers.6.weight": {
        "mean": -0.012372839264571667,
        "std": 0.06855492293834686,
        "min": -0.15631014108657837,
        "max": 0.14072878658771515,
        "sparsity": 0.0
      }
    }
  },
  "eigenvalues": {
    "layers.0.weight": [
      4.301666259765625,
      4.179785251617432,
      3.5524463653564453,
      3.177722454071045,
      2.997631549835205,
      2.6946117877960205,
      2.0164639949798584,
      1.7819187641143799,
      1.7010458707809448,
      1.4580955505371094
    ],
    "layers.2.weight": [
      3.365785837173462,
      2.419670581817627,
      2.2195074558258057,
      1.8501719236373901,
      1.6269598007202148,
      1.4851311445236206,
      1.4052929878234863,
      0.9979304671287537,
      0.701521098613739,
      0.6802745461463928
    ],
    "layers.4.weight": [
      9.147112846374512,
      7.376944065093994,
      6.748598575592041,
      6.56559944152832,
      5.745367527008057,
      5.409578800201416,
      5.162458896636963,
      5.0157904624938965,
      4.333389759063721,
      3.9559919834136963
    ],
    "layers.6.weight": [
      2.2707319259643555,
      1.9323898553848267,
      1.5021857023239136,
      1.4381722211837769,
      1.3175177574157715,
      1.1234146356582642,
      0.8948093056678772,
      0.7825948596000671,
      0.6241520643234253,
      0.5373665690422058
    ]
  },
  "graph_representation": {
    "nodes": [
      {
        "id": 0,
        "data": {
          "name": "layers.0.weight",
          "shape": [
            128,
            784
          ],
          "size": 100352,
          "layer_type": "layers"
        }
      },
      {
        "id": 2,
        "data": {
          "name": "layers.2.weight",
          "shape": [
            32,
            128
          ],
          "size": 4096,
          "layer_type": "layers"
        }
      },
      {
        "id": 4,
        "data": {
          "name": "layers.4.weight",
          "shape": [
            256,
            32
          ],
          "size": 8192,
          "layer_type": "layers"
        }
      },
      {
        "id": 6,
        "data": {
          "name": "layers.6.weight",
          "shape": [
            10,
            256
          ],
          "size": 2560,
          "layer_type": "layers"
        }
      }
    ],
    "edges": [
      [
        0,
        2,
        {
          "weight": 1.0
        }
      ],
      [
        2,
        4,
        {
          "weight": 1.0
        }
      ],
      [
        4,
        6,
        {
          "weight": 1.0
        }
      ]
    ]
  },
  "training_dynamics": {
    "loss_decrease_rate": 0.9994798208682806,
    "accuracy_increase_rate": 1.0,
    "convergence_epoch": 0,
    "overfitting_measure": 1.194845714950342
  }
}