{
  "model_type": "SimpleMLP",
  "train_params": {
    "epochs": 13,
    "learning_rate": 0.00016648967802569142,
    "weight_decay": 0.0,
    "batch_size": 128,
    "train_noise": 0.08489394021148303,
    "seed": 406
  },
  "performance": {
    "final_train_loss": 0.6239628553390503,
    "final_val_loss": 0.8896382904052734,
    "final_train_accuracy": 92.75,
    "final_val_accuracy": 49.0,
    "train_losses": [
      0.777702112197876,
      0.7635666084289551,
      0.7524964523315429,
      0.7418704319000244,
      0.7312547016143799,
      0.7202727317810058,
      0.7087598896026611,
      0.6967194747924804,
      0.6839794540405273,
      0.6704579639434814,
      0.6559841299057007,
      0.6404780960083007,
      0.6239628553390503
    ],
    "val_losses": [
      0.8904957580566406,
      0.8899613952636719,
      0.8894572448730469,
      0.8890003204345703,
      0.8886069869995117,
      0.888315544128418,
      0.8881583404541016,
      0.8881740188598632,
      0.8883285140991211,
      0.8885670471191406,
      0.8889072036743164,
      0.8892364501953125,
      0.8896382904052734
    ],
    "train_accuracies": [
      51.75,
      55.125,
      59.125,
      61.75,
      66.0,
      71.0,
      75.375,
      78.75,
      82.625,
      86.375,
      88.5,
      90.625,
      92.75
    ],
    "val_accuracies": [
      50.0,
      50.5,
      51.0,
      50.0,
      48.0,
      49.5,
      51.0,
      49.0,
      49.5,
      52.5,
      50.5,
      51.0,
      49.0
    ]
  },
  "architecture": {
    "num_params": 33922,
    "num_layers": 6,
    "layer_types": {
      "Linear": 3
    },
    "activation_types": {
      "ReLU": 2
    }
  },
  "weight_statistics": {
    "mean": 0.00029436638578772545,
    "std": 0.026505161076784134,
    "min": -0.1879224330186844,
    "max": 0.19410519301891327,
    "sparsity": 8.861058601134216e-05,
    "l1_norm": 628.6726684570312,
    "l2_norm": 4.8772501945495605,
    "layer_stats": {
      "layers.0.weight": {
        "mean": 0.00013737886911258101,
        "std": 0.018874453380703926,
        "min": -0.04305708035826683,
        "max": 0.04271208867430687,
        "sparsity": 9.1552734375e-05
      },
      "layers.2.weight": {
        "mean": 0.005700596142560244,
        "std": 0.10523918271064758,
        "min": -0.1879224330186844,
        "max": 0.19410519301891327,
        "sparsity": 0.0
      },
      "layers.4.weight": {
        "mean": -0.005827700719237328,
        "std": 0.10730894654989243,
        "min": -0.1812497228384018,
        "max": 0.19024860858917236,
        "sparsity": 0.0
      }
    }
  },
  "eigenvalues": {
    "layers.0.weight": [
      0.6268891096115112,
      0.5075452327728271,
      0.4900982677936554,
      0.4681531488895416,
      0.4499000608921051,
      0.43954363465309143,
      0.43792518973350525,
      0.4086269438266754,
      0.40399476885795593,
      0.39580145478248596
    ],
    "layers.2.weight": [
      1.2821545600891113,
      1.2506628036499023,
      0.9478268027305603,
      0.8829408288002014,
      0.7626697421073914,
      0.6928256750106812,
      0.5951419472694397,
      0.5498079657554626,
      0.532394289970398,
      0.49949800968170166
    ],
    "layers.4.weight": [
      0.40566277503967285,
      0.3334841728210449
    ]
  },
  "graph_representation": {
    "nodes": [
      {
        "id": 0,
        "data": {
          "name": "layers.0.weight",
          "shape": [
            32,
            1024
          ],
          "size": 32768,
          "layer_type": "layers"
        }
      },
      {
        "id": 2,
        "data": {
          "name": "layers.2.weight",
          "shape": [
            32,
            32
          ],
          "size": 1024,
          "layer_type": "layers"
        }
      },
      {
        "id": 4,
        "data": {
          "name": "layers.4.weight",
          "shape": [
            2,
            32
          ],
          "size": 64,
          "layer_type": "layers"
        }
      }
    ],
    "edges": [
      [
        0,
        2,
        {
          "weight": 1.0
        }
      ],
      [
        2,
        4,
        {
          "weight": 1.0
        }
      ]
    ]
  },
  "training_dynamics": {
    "loss_decrease_rate": 0.1976839903704785,
    "accuracy_increase_rate": 0.8497409326424871,
    "convergence_epoch": 6,
    "overfitting_measure": 0.0016663131828668844
  }
}