{
  "model_type": "SimpleTransformer",
  "train_params": {
    "epochs": 19,
    "learning_rate": 0.006139358149026365,
    "weight_decay": 0.0,
    "batch_size": 64,
    "train_noise": 0.0,
    "seed": 8761
  },
  "performance": {
    "final_train_loss": 0.06280147090554238,
    "final_val_loss": 3.896740951538086,
    "final_train_accuracy": 97.5,
    "final_val_accuracy": 48.5,
    "train_losses": [
      1.1249071979522705,
      0.7327128505706787,
      0.6334141826629639,
      0.37675575017929075,
      0.22601503431797026,
      0.1462722696363926,
      0.11660683266818524,
      0.088956840634346,
      0.06121131725609302,
      0.04537833273410797,
      0.027438707165420056,
      0.02300717819482088,
      0.023406603075563907,
      0.023215637989342213,
      0.04255103722214699,
      0.0395484422147274,
      0.04405724957585335,
      0.051326533928513524,
      0.06280147090554238
    ],
    "val_losses": [
      0.9441434669494629,
      0.8778172111511231,
      1.052571907043457,
      1.5823278999328614,
      1.7544350624084473,
      1.9698204803466797,
      2.1978879165649414,
      2.4844035720825195,
      2.845966033935547,
      3.0963656234741213,
      3.470142135620117,
      3.6726268768310546,
      3.976403121948242,
      3.9503784942626954,
      3.513856430053711,
      3.4500682067871096,
      3.4960090637207033,
      3.730480422973633,
      3.896740951538086
    ],
    "train_accuracies": [
      50.0,
      50.875,
      66.25,
      86.0,
      93.25,
      97.0,
      97.25,
      98.0,
      98.5,
      98.625,
      99.125,
      99.125,
      99.125,
      99.125,
      98.5,
      98.75,
      98.25,
      98.25,
      97.5
    ],
    "val_accuracies": [
      53.0,
      48.0,
      47.5,
      50.5,
      50.0,
      49.0,
      49.5,
      52.0,
      45.0,
      47.5,
      47.0,
      47.5,
      48.0,
      46.5,
      49.0,
      51.0,
      49.0,
      45.0,
      48.5
    ]
  },
  "architecture": {
    "num_params": 593282,
    "num_layers": 13,
    "layer_types": {
      "TransformerEncoder": 1,
      "NonDynamicallyQuantizableLinear": 1,
      "Linear": 3
    },
    "activation_types": {}
  },
  "weight_statistics": {
    "mean": 0.0006425378378480673,
    "std": 0.08429668098688126,
    "min": -0.7005160450935364,
    "max": 1.3842592239379883,
    "sparsity": 1.6939505637467476e-06,
    "l1_norm": 35881.5625,
    "l2_norm": 64.76982116699219,
    "layer_stats": {
      "transformer.layers.0.self_attn.in_proj_weight": {
        "mean": 0.0001961992384167388,
        "std": 0.14848245680332184,
        "min": -0.7005160450935364,
        "max": 0.5860161781311035,
        "sparsity": 0.0
      },
      "transformer.layers.0.self_attn.out_proj.weight": {
        "mean": -0.0001607748563401401,
        "std": 0.1137109249830246,
        "min": -0.5176775455474854,
        "max": 0.40083950757980347,
        "sparsity": 0.0
      },
      "transformer.layers.0.linear1.weight": {
        "mean": 0.0001541403471492231,
        "std": 0.0867784321308136,
        "min": -0.448283314704895,
        "max": 0.46473419666290283,
        "sparsity": 3.814697265625e-06
      },
      "transformer.layers.0.linear2.weight": {
        "mean": 0.0003059786686208099,
        "std": 0.050686065107584,
        "min": -0.3523360788822174,
        "max": 0.41018936038017273,
        "sparsity": 0.0
      },
      "transformer.layers.0.norm1.weight": {
        "mean": 1.0047831535339355,
        "std": 0.0867697224020958,
        "min": 0.6984615921974182,
        "max": 1.2591148614883423,
        "sparsity": 0.0
      },
      "transformer.layers.0.norm2.weight": {
        "mean": 0.9654487371444702,
        "std": 0.09505505114793777,
        "min": 0.848934531211853,
        "max": 1.3842592239379883,
        "sparsity": 0.0
      },
      "fc.weight": {
        "mean": -0.001965975621715188,
        "std": 0.07379664480686188,
        "min": -0.3387615978717804,
        "max": 0.28976479172706604,
        "sparsity": 0.0
      }
    }
  },
  "eigenvalues": {
    "transformer.layers.0.self_attn.in_proj_weight": [
      65.44314575195312,
      47.49783706665039,
      39.79961395263672,
      33.9744987487793,
      24.860567092895508,
      22.473947525024414,
      21.265422821044922,
      20.485292434692383,
      19.963525772094727,
      19.795825958251953
    ],
    "transformer.layers.0.self_attn.out_proj.weight": [
      99.00057220458984,
      29.296724319458008,
      11.170761108398438,
      7.6894426345825195,
      5.097921371459961,
      3.4855263233184814,
      3.003741979598999,
      2.4899275302886963,
      2.3368680477142334,
      1.980690360069275
    ],
    "transformer.layers.0.linear1.weight": [
      411.85888671875,
      232.2662353515625,
      99.13513946533203,
      71.4992904663086,
      46.04171371459961,
      35.4141960144043,
      29.853078842163086,
      26.9395694732666,
      22.713781356811523,
      21.218338012695312
    ],
    "transformer.layers.0.linear2.weight": [
      395.4515380859375,
      201.59335327148438,
      14.944687843322754,
      5.988757610321045,
      3.226898431777954,
      1.447237253189087,
      1.3833391666412354,
      1.0022939443588257,
      0.8339449167251587,
      0.8149461150169373
    ],
    "fc.weight": [
      1.0143342018127441,
      0.3808172643184662
    ]
  },
  "graph_representation": {
    "nodes": [
      {
        "id": 0,
        "data": {
          "name": "transformer.layers.0.self_attn.in_proj_weight",
          "shape": [
            384,
            128
          ],
          "size": 49152,
          "layer_type": "transformer"
        }
      },
      {
        "id": 2,
        "data": {
          "name": "transformer.layers.0.self_attn.out_proj.weight",
          "shape": [
            128,
            128
          ],
          "size": 16384,
          "layer_type": "transformer"
        }
      },
      {
        "id": 4,
        "data": {
          "name": "transformer.layers.0.linear1.weight",
          "shape": [
            2048,
            128
          ],
          "size": 262144,
          "layer_type": "transformer"
        }
      },
      {
        "id": 6,
        "data": {
          "name": "transformer.layers.0.linear2.weight",
          "shape": [
            128,
            2048
          ],
          "size": 262144,
          "layer_type": "transformer"
        }
      },
      {
        "id": 8,
        "data": {
          "name": "transformer.layers.0.norm1.weight",
          "shape": [
            128
          ],
          "size": 128,
          "layer_type": "transformer"
        }
      },
      {
        "id": 10,
        "data": {
          "name": "transformer.layers.0.norm2.weight",
          "shape": [
            128
          ],
          "size": 128,
          "layer_type": "transformer"
        }
      },
      {
        "id": 12,
        "data": {
          "name": "fc.weight",
          "shape": [
            2,
            128
          ],
          "size": 256,
          "layer_type": "fc"
        }
      }
    ],
    "edges": [
      [
        0,
        2,
        {
          "weight": 1.0
        }
      ],
      [
        2,
        4,
        {
          "weight": 1.0
        }
      ],
      [
        4,
        6,
        {
          "weight": 1.0
        }
      ],
      [
        6,
        8,
        {
          "weight": 1.0
        }
      ],
      [
        8,
        10,
        {
          "weight": 1.0
        }
      ],
      [
        10,
        12,
        {
          "weight": 1.0
        }
      ]
    ]
  },
  "training_dynamics": {
    "loss_decrease_rate": 0.9441718650037413,
    "accuracy_increase_rate": 0.95,
    "convergence_epoch": 1,
    "overfitting_measure": 3.4391257109530877
  }
}