{
  "model_type": "SimpleCNN",
  "train_params": {
    "epochs": 6,
    "learning_rate": 0.007970052884032028,
    "weight_decay": 0.00010425025882627595,
    "batch_size": 128,
    "train_noise": 0.0,
    "seed": 8414
  },
  "performance": {
    "final_train_loss": 0.7762818336486816,
    "final_val_loss": 0.8855586242675781,
    "final_train_accuracy": 51.25,
    "final_val_accuracy": 51.5,
    "train_losses": [
      0.8459805965423584,
      0.777577953338623,
      0.7781576919555664,
      0.7765470218658447,
      0.7756824398040771,
      0.7762818336486816
    ],
    "val_losses": [
      0.8872848892211914,
      0.8858906936645508,
      0.8872543334960937,
      0.8867334747314453,
      0.8851538467407226,
      0.8855586242675781
    ],
    "train_accuracies": [
      47.5,
      50.25,
      50.625,
      48.75,
      52.125,
      51.25
    ],
    "val_accuracies": [
      48.0,
      51.5,
      48.5,
      52.0,
      51.5,
      51.5
    ]
  },
  "architecture": {
    "num_params": 5314,
    "num_layers": 5,
    "layer_types": {
      "Conv2d": 3,
      "Linear": 1
    },
    "activation_types": {}
  },
  "weight_statistics": {
    "mean": -0.02154954895377159,
    "std": 0.06141773611307144,
    "min": -0.2970648407936096,
    "max": 0.2823052704334259,
    "sparsity": 0.0,
    "l1_norm": 270.3674621582031,
    "l2_norm": 4.72239875793457,
    "layer_stats": {
      "conv_layers.0.weight": {
        "mean": -0.005090612918138504,
        "std": 0.16000686585903168,
        "min": -0.2970648407936096,
        "max": 0.2823052704334259,
        "sparsity": 0.0
      },
      "conv_layers.1.weight": {
        "mean": -0.01913725584745407,
        "std": 0.05914108827710152,
        "min": -0.14264310896396637,
        "max": 0.13793319463729858,
        "sparsity": 0.0
      },
      "conv_layers.2.weight": {
        "mean": -0.02929803356528282,
        "std": 0.05279058590531349,
        "min": -0.1715751588344574,
        "max": 0.13319990038871765,
        "sparsity": 0.0
      },
      "fc.weight": {
        "mean": -0.002165747806429863,
        "std": 0.05052800104022026,
        "min": -0.10797033458948135,
        "max": 0.10997001826763153,
        "sparsity": 0.0
      }
    }
  },
  "eigenvalues": {
    "fc.weight": [
      0.959585964679718,
      0.34999215602874756
    ]
  },
  "graph_representation": {
    "nodes": [
      {
        "id": 0,
        "data": {
          "name": "conv_layers.0.weight",
          "shape": [
            16,
            1,
            3,
            3
          ],
          "size": 144,
          "layer_type": "conv_layers"
        }
      },
      {
        "id": 2,
        "data": {
          "name": "conv_layers.1.weight",
          "shape": [
            16,
            16,
            3,
            3
          ],
          "size": 2304,
          "layer_type": "conv_layers"
        }
      },
      {
        "id": 4,
        "data": {
          "name": "conv_layers.2.weight",
          "shape": [
            16,
            16,
            3,
            3
          ],
          "size": 2304,
          "layer_type": "conv_layers"
        }
      },
      {
        "id": 6,
        "data": {
          "name": "fc.weight",
          "shape": [
            2,
            256
          ],
          "size": 512,
          "layer_type": "fc"
        }
      }
    ],
    "edges": [
      [
        0,
        2,
        {
          "weight": 1.0
        }
      ],
      [
        2,
        4,
        {
          "weight": 1.0
        }
      ],
      [
        4,
        6,
        {
          "weight": 1.0
        }
      ]
    ]
  },
  "training_dynamics": {
    "loss_decrease_rate": 0.08238813417062443,
    "accuracy_increase_rate": 0.07142857142857142,
    "convergence_epoch": 4,
    "overfitting_measure": 0.00045729624103875476
  }
}