{
  "model_type": "SimpleCNN",
  "train_params": {
    "epochs": 9,
    "learning_rate": 0.006618737543353416,
    "weight_decay": 0.0,
    "batch_size": 64,
    "train_noise": 0.0,
    "seed": 5578
  },
  "performance": {
    "final_train_loss": 2.388574523925781,
    "final_val_loss": 2.9570401763916014,
    "final_train_accuracy": 11.625,
    "final_val_accuracy": 11.5,
    "train_losses": [
      2.4080606079101563,
      2.3929712677001955,
      2.391333065032959,
      2.390169563293457,
      2.3893930244445802,
      2.388928050994873,
      2.388696632385254,
      2.3886050605773925,
      2.388574523925781
    ],
    "val_losses": [
      2.9526277923583986,
      2.952772216796875,
      2.9531360626220704,
      2.954028244018555,
      2.955159378051758,
      2.956179656982422,
      2.9568370819091796,
      2.957080078125,
      2.9570401763916014
    ],
    "train_accuracies": [
      9.25,
      10.625,
      11.375,
      11.375,
      10.625,
      11.0,
      11.625,
      11.625,
      11.625
    ],
    "val_accuracies": [
      5.5,
      9.5,
      9.5,
      9.5,
      9.5,
      11.5,
      11.5,
      11.5,
      11.5
    ]
  },
  "architecture": {
    "num_params": 7970,
    "num_layers": 5,
    "layer_types": {
      "Conv2d": 3,
      "Linear": 1
    },
    "activation_types": {}
  },
  "weight_statistics": {
    "mean": -0.020712925121188164,
    "std": 0.05612758547067642,
    "min": -0.23172514140605927,
    "max": 0.24018430709838867,
    "sparsity": 0.0,
    "l1_norm": 377.60906982421875,
    "l2_norm": 5.318931579589844,
    "layer_stats": {
      "conv_layers.0.weight": {
        "mean": 0.0037978901527822018,
        "std": 0.09400936216115952,
        "min": -0.23172514140605927,
        "max": 0.24018430709838867,
        "sparsity": 0.0
      },
      "conv_layers.1.weight": {
        "mean": -0.033572930842638016,
        "std": 0.03914294019341469,
        "min": -0.13889983296394348,
        "max": 0.1038961410522461,
        "sparsity": 0.0
      },
      "conv_layers.2.weight": {
        "mean": -0.004903931636363268,
        "std": 0.058787181973457336,
        "min": -0.12957200407981873,
        "max": 0.13741828501224518,
        "sparsity": 0.0
      },
      "fc.weight": {
        "mean": -0.005189809948205948,
        "std": 0.0582641176879406,
        "min": -0.15463633835315704,
        "max": 0.1449914276599884,
        "sparsity": 0.0
      }
    }
  },
  "eigenvalues": {
    "fc.weight": [
      0.990384042263031,
      0.5794146060943604,
      0.5007497072219849,
      0.42080673575401306,
      0.3929120898246765,
      0.3363966643810272,
      0.324125736951828,
      0.2843146324157715,
      0.28262054920196533,
      0.2679764926433563
    ]
  },
  "graph_representation": {
    "nodes": [
      {
        "id": 0,
        "data": {
          "name": "conv_layers.0.weight",
          "shape": [
            32,
            3,
            3,
            3
          ],
          "size": 864,
          "layer_type": "conv_layers"
        }
      },
      {
        "id": 2,
        "data": {
          "name": "conv_layers.1.weight",
          "shape": [
            16,
            32,
            3,
            3
          ],
          "size": 4608,
          "layer_type": "conv_layers"
        }
      },
      {
        "id": 4,
        "data": {
          "name": "conv_layers.2.weight",
          "shape": [
            8,
            16,
            3,
            3
          ],
          "size": 1152,
          "layer_type": "conv_layers"
        }
      },
      {
        "id": 6,
        "data": {
          "name": "fc.weight",
          "shape": [
            10,
            128
          ],
          "size": 1280,
          "layer_type": "fc"
        }
      }
    ],
    "edges": [
      [
        0,
        2,
        {
          "weight": 1.0
        }
      ],
      [
        2,
        4,
        {
          "weight": 1.0
        }
      ],
      [
        4,
        6,
        {
          "weight": 1.0
        }
      ]
    ]
  },
  "training_dynamics": {
    "loss_decrease_rate": 0.008092023896892774,
    "accuracy_increase_rate": 0.026170798898071626,
    "convergence_epoch": 0,
    "overfitting_measure": 0.001494392230752019
  }
}