{
  "model_type": "SimpleMLP",
  "train_params": {
    "epochs": 11,
    "learning_rate": 0.005671368479185409,
    "weight_decay": 0.0002038539470071082,
    "batch_size": 16,
    "train_noise": 0.0,
    "seed": 3144
  },
  "performance": {
    "final_train_loss": 0.0260017691552639,
    "final_val_loss": 3.9930272102355957,
    "final_train_accuracy": 100.0,
    "final_val_accuracy": 18.0,
    "train_losses": [
      1.6515333318710328,
      1.363898766040802,
      1.133896324634552,
      0.858667973279953,
      0.5648522162437439,
      0.31329617887735367,
      0.15326812699437142,
      0.08139579005539417,
      0.049451032653450966,
      0.03392425272613764,
      0.0260017691552639
    ],
    "val_losses": [
      1.7292236328125,
      1.9007371616363526,
      2.139891519546509,
      2.395901155471802,
      2.7040155601501463,
      3.025044364929199,
      3.3376632499694825,
      3.5788942527770997,
      3.7564076232910155,
      3.881936550140381,
      3.9930272102355957
    ],
    "train_accuracies": [
      20.5,
      46.5,
      57.875,
      71.75,
      86.375,
      97.375,
      99.625,
      100.0,
      100.0,
      100.0,
      100.0
    ],
    "val_accuracies": [
      23.0,
      19.5,
      20.5,
      20.0,
      20.0,
      19.0,
      17.0,
      18.0,
      17.5,
      18.0,
      18.0
    ]
  },
  "architecture": {
    "num_params": 6789,
    "num_layers": 4,
    "layer_types": {
      "Linear": 2
    },
    "activation_types": {
      "ReLU": 1
    }
  },
  "weight_statistics": {
    "mean": -0.000852179538924247,
    "std": 0.17764487862586975,
    "min": -0.7419514060020447,
    "max": 0.6447482705116272,
    "sparsity": 0.00014880952380952382,
    "l1_norm": 938.8102416992188,
    "l2_norm": 14.562714576721191,
    "layer_stats": {
      "layers.0.weight": {
        "mean": 0.0014849380822852254,
        "std": 0.1651095300912857,
        "min": -0.734088659286499,
        "max": 0.586246132850647,
        "sparsity": 0.00015625
      },
      "layers.2.weight": {
        "mean": -0.04759452864527702,
        "std": 0.3394031822681427,
        "min": -0.7419514060020447,
        "max": 0.6447482705116272,
        "sparsity": 0.0
      }
    }
  },
  "eigenvalues": {
    "layers.0.weight": [
      8.96445083618164,
      8.239225387573242,
      8.019965171813965,
      7.372941017150879,
      6.927946090698242,
      6.4441633224487305,
      6.0675048828125,
      5.737281322479248,
      5.649611473083496,
      5.313353061676025
    ],
    "layers.2.weight": [
      10.674625396728516,
      9.304012298583984,
      8.734554290771484,
      7.85540246963501,
      1.0185314416885376
    ]
  },
  "graph_representation": {
    "nodes": [
      {
        "id": 0,
        "data": {
          "name": "layers.0.weight",
          "shape": [
            64,
            100
          ],
          "size": 6400,
          "layer_type": "layers"
        }
      },
      {
        "id": 2,
        "data": {
          "name": "layers.2.weight",
          "shape": [
            5,
            64
          ],
          "size": 320,
          "layer_type": "layers"
        }
      }
    ],
    "edges": [
      [
        0,
        2,
        {
          "weight": 1.0
        }
      ]
    ]
  },
  "training_dynamics": {
    "loss_decrease_rate": 0.9842559828170067,
    "accuracy_increase_rate": 1.0,
    "convergence_epoch": 0,
    "overfitting_measure": 1.3091444822212654
  }
}