{
  "model_type": "SimpleRNN",
  "train_params": {
    "epochs": 14,
    "learning_rate": 0.006226216522290732,
    "weight_decay": 0.0,
    "batch_size": 64,
    "train_noise": 0.0,
    "seed": 1967
  },
  "performance": {
    "final_train_loss": 0.00022340191178955138,
    "final_val_loss": 2.8212014389038087,
    "final_train_accuracy": 100.0,
    "final_val_accuracy": 51.0,
    "train_losses": [
      0.7548704528808594,
      0.7091691017150878,
      0.6374796342849731,
      0.5432652497291565,
      0.25419832855463026,
      0.0729425224289298,
      0.02435518380254507,
      0.010712948981672526,
      0.004339688285253942,
      0.0010248589585535228,
      0.0005578367679845541,
      0.0003738914505811408,
      0.0002793062449200079,
      0.00022340191178955138
    ],
    "val_losses": [
      0.9056989288330078,
      1.047869701385498,
      0.9984960174560547,
      1.0815286827087403,
      1.8840685272216797,
      1.9356288146972656,
      2.337715492248535,
      2.7051457595825195,
      2.597182312011719,
      2.6423609542846678,
      2.7258427429199217,
      2.7726202392578125,
      2.7994710540771486,
      2.8212014389038087
    ],
    "train_accuracies": [
      48.375,
      58.5,
      65.875,
      75.125,
      92.25,
      98.375,
      99.625,
      99.75,
      100.0,
      100.0,
      100.0,
      100.0,
      100.0,
      100.0
    ],
    "val_accuracies": [
      50.5,
      51.5,
      49.0,
      51.0,
      51.5,
      50.5,
      50.0,
      50.0,
      49.0,
      50.5,
      50.5,
      50.0,
      50.5,
      51.0
    ]
  },
  "architecture": {
    "num_params": 237058,
    "num_layers": 2,
    "layer_types": {
      "GRU": 1,
      "Linear": 1
    },
    "activation_types": {}
  },
  "weight_statistics": {
    "mean": 0.00029045582050457597,
    "std": 0.09411075711250305,
    "min": -0.4778900444507599,
    "max": 0.4433435797691345,
    "sparsity": 8.491847826086957e-06,
    "l1_norm": 17610.474609375,
    "l2_norm": 45.672550201416016,
    "layer_stats": {
      "rnn.weight_ih_l0": {
        "mean": 0.0032792973797768354,
        "std": 0.09959252178668976,
        "min": -0.4778900444507599,
        "max": 0.4433435797691345,
        "sparsity": 0.0
      },
      "rnn.weight_hh_l0": {
        "mean": -0.00029235859983600676,
        "std": 0.09295540302991867,
        "min": -0.45104190707206726,
        "max": 0.43364816904067993,
        "sparsity": 1.0172526041666666e-05
      },
      "fc.weight": {
        "mean": -7.186667062342167e-05,
        "std": 0.10682763904333115,
        "min": -0.2723705768585205,
        "max": 0.2718149423599243,
        "sparsity": 0.0
      }
    }
  },
  "eigenvalues": {
    "rnn.weight_ih_l0": [
      28.51898765563965,
      17.938186645507812,
      15.404515266418457,
      13.552963256835938,
      13.494673728942871,
      13.033041000366211,
      12.003477096557617,
      11.44371509552002,
      11.06752872467041,
      10.709980964660645
    ],
    "rnn.weight_hh_l0": [
      115.26924133300781,
      102.40352630615234,
      84.74480438232422,
      72.33689880371094,
      63.15044403076172,
      57.23088073730469,
      49.808467864990234,
      47.876190185546875,
      46.42064666748047,
      41.96906280517578
    ],
    "fc.weight": [
      5.509912490844727,
      0.33310800790786743
    ]
  },
  "graph_representation": {
    "nodes": [
      {
        "id": 0,
        "data": {
          "name": "rnn.weight_ih_l0",
          "shape": [
            768,
            50
          ],
          "size": 38400,
          "layer_type": "rnn"
        }
      },
      {
        "id": 1,
        "data": {
          "name": "rnn.weight_hh_l0",
          "shape": [
            768,
            256
          ],
          "size": 196608,
          "layer_type": "rnn"
        }
      },
      {
        "id": 4,
        "data": {
          "name": "fc.weight",
          "shape": [
            2,
            256
          ],
          "size": 512,
          "layer_type": "fc"
        }
      }
    ],
    "edges": [
      [
        0,
        1,
        {
          "weight": 1.0
        }
      ],
      [
        1,
        4,
        {
          "weight": 1.0
        }
      ]
    ]
  },
  "training_dynamics": {
    "loss_decrease_rate": 0.9997040526477927,
    "accuracy_increase_rate": 1.0,
    "convergence_epoch": 0,
    "overfitting_measure": 2.1149439941801895
  }
}