{
  "model_type": "SimpleTransformer",
  "train_params": {
    "epochs": 5,
    "learning_rate": 0.001306231607130439,
    "weight_decay": 0.0006545130795355224,
    "batch_size": 128,
    "train_noise": 0.0,
    "seed": 4208
  },
  "performance": {
    "final_train_loss": 1.6379965019226075,
    "final_val_loss": 2.199700241088867,
    "final_train_accuracy": 37.0,
    "final_val_accuracy": 17.5,
    "train_losses": [
      2.4253348541259765,
      1.8029029846191407,
      1.8070390510559082,
      1.7397907257080079,
      1.6379965019226075
    ],
    "val_losses": [
      2.119661331176758,
      2.1159600830078125,
      2.05344970703125,
      2.06801025390625,
      2.199700241088867
    ],
    "train_accuracies": [
      20.125,
      23.0,
      23.875,
      29.25,
      37.0
    ],
    "val_accuracies": [
      21.5,
      18.5,
      22.0,
      22.0,
      17.5
    ]
  },
  "architecture": {
    "num_params": 1186693,
    "num_layers": 23,
    "layer_types": {
      "TransformerEncoder": 1,
      "NonDynamicallyQuantizableLinear": 2,
      "Linear": 5
    },
    "activation_types": {}
  },
  "weight_statistics": {
    "mean": 0.0003166344831697643,
    "std": 0.038455236703157425,
    "min": -0.13465361297130585,
    "max": 1.0071465969085693,
    "sparsity": 3.218157181571816e-05,
    "l1_norm": 29616.533203125,
    "l2_norm": 41.78864669799805,
    "layer_stats": {
      "transformer.layers.0.self_attn.in_proj_weight": {
        "mean": 5.754346420872025e-05,
        "std": 0.05006631463766098,
        "min": -0.13465361297130585,
        "max": 0.1365913599729538,
        "sparsity": 0.0
      },
      "transformer.layers.0.self_attn.out_proj.weight": {
        "mean": 0.00018593971617519855,
        "std": 0.0496387779712677,
        "min": -0.11519152671098709,
        "max": 0.11267007142305374,
        "sparsity": 0.0
      },
      "transformer.layers.0.linear1.weight": {
        "mean": -4.3195363105041906e-05,
        "std": 0.03433676064014435,
        "min": -0.09839438647031784,
        "max": 0.09877223521471024,
        "sparsity": 3.0517578125e-05
      },
      "transformer.layers.0.linear2.weight": {
        "mean": -2.1845738956471905e-05,
        "std": 0.013058369979262352,
        "min": -0.03625524044036865,
        "max": 0.04078233242034912,
        "sparsity": 3.4332275390625e-05
      },
      "transformer.layers.0.norm1.weight": {
        "mean": 0.9688735008239746,
        "std": 0.010606822557747364,
        "min": 0.9545437693595886,
        "max": 1.0010628700256348,
        "sparsity": 0.0
      },
      "transformer.layers.0.norm2.weight": {
        "mean": 0.989181399345398,
        "std": 0.007733252830803394,
        "min": 0.963857114315033,
        "max": 1.00518798828125,
        "sparsity": 0.0
      },
      "transformer.layers.1.self_attn.in_proj_weight": {
        "mean": 5.8344699937151745e-05,
        "std": 0.05135496333241463,
        "min": -0.1258436143398285,
        "max": 0.12303690612316132,
        "sparsity": 0.0
      },
      "transformer.layers.1.self_attn.out_proj.weight": {
        "mean": 0.00030588434310629964,
        "std": 0.050392311066389084,
        "min": -0.10799090564250946,
        "max": 0.11283758282661438,
        "sparsity": 6.103515625e-05
      },
      "transformer.layers.1.linear1.weight": {
        "mean": -0.00012077128485543653,
        "std": 0.044104184955358505,
        "min": -0.10245227813720703,
        "max": 0.10171064734458923,
        "sparsity": 1.52587890625e-05
      },
      "transformer.layers.1.linear2.weight": {
        "mean": -0.0003645503311417997,
        "std": 0.013834665529429913,
        "min": -0.046547722071409225,
        "max": 0.03904678672552109,
        "sparsity": 6.103515625e-05
      },
      "transformer.layers.1.norm1.weight": {
        "mean": 0.9907379150390625,
        "std": 0.008117515593767166,
        "min": 0.9707190990447998,
        "max": 1.0071465969085693,
        "sparsity": 0.0
      },
      "transformer.layers.1.norm2.weight": {
        "mean": 0.9884106516838074,
        "std": 0.003875241382047534,
        "min": 0.9733057022094727,
        "max": 0.9963339567184448,
        "sparsity": 0.0
      },
      "fc.weight": {
        "mean": 0.0006875687395222485,
        "std": 0.047605499625205994,
        "min": -0.09506114572286606,
        "max": 0.09273498505353928,
        "sparsity": 0.0
      }
    }
  },
  "eigenvalues": {
    "transformer.layers.0.self_attn.in_proj_weight": [
      3.0529885292053223,
      2.780106544494629,
      2.434633731842041,
      2.237602710723877,
      2.1813042163848877,
      2.1223931312561035,
      2.0926501750946045,
      2.037497043609619,
      1.9487342834472656,
      1.9113619327545166
    ],
    "transformer.layers.0.self_attn.out_proj.weight": [
      2.251291275024414,
      1.8495025634765625,
      1.2428699731826782,
      1.0681818723678589,
      1.0258235931396484,
      0.9775598645210266,
      0.9514358639717102,
      0.9023120403289795,
      0.8779486417770386,
      0.8626552224159241
    ],
    "transformer.layers.0.linear1.weight": [
      7.210277557373047,
      5.849372386932373,
      4.005407333374023,
      3.6547069549560547,
      3.5518927574157715,
      3.4978325366973877,
      3.4664788246154785,
      3.4234838485717773,
      3.4034054279327393,
      3.347419261932373
    ],
    "transformer.layers.0.linear2.weight": [
      2.3837592601776123,
      1.3511625528335571,
      0.881051778793335,
      0.5437889099121094,
      0.4935668408870697,
      0.48224613070487976,
      0.4672713875770569,
      0.46518203616142273,
      0.4613742530345917,
      0.460295706987381
    ],
    "transformer.layers.1.self_attn.in_proj_weight": [
      2.558372735977173,
      2.4629273414611816,
      2.406839609146118,
      2.3730664253234863,
      2.3056657314300537,
      2.2741708755493164,
      2.2286033630371094,
      2.1643755435943604,
      2.1120474338531494,
      2.0522305965423584
    ],
    "transformer.layers.1.self_attn.out_proj.weight": [
      1.2059462070465088,
      1.1749366521835327,
      1.1474436521530151,
      1.0942126512527466,
      1.0671148300170898,
      1.0516529083251953,
      0.9946679472923279,
      0.9692457914352417,
      0.9568348526954651,
      0.9383277297019958
    ],
    "transformer.layers.1.linear1.weight": [
      8.050521850585938,
      6.5816216468811035,
      6.28868293762207,
      6.106472015380859,
      6.0448102951049805,
      5.968858242034912,
      5.945403575897217,
      5.912039279937744,
      5.835740089416504,
      5.7361884117126465
    ],
    "transformer.layers.1.linear2.weight": [
      7.7863006591796875,
      1.3433810472488403,
      0.8965777158737183,
      0.6988575458526611,
      0.5506402850151062,
      0.4843234121799469,
      0.47395461797714233,
      0.4677504599094391,
      0.4619976580142975,
      0.45756861567497253
    ],
    "fc.weight": [
      0.3915080726146698,
      0.3383598327636719,
      0.2912321984767914,
      0.23657485842704773,
      0.19304919242858887
    ]
  },
  "graph_representation": {
    "nodes": [
      {
        "id": 0,
        "data": {
          "name": "transformer.layers.0.self_attn.in_proj_weight",
          "shape": [
            384,
            128
          ],
          "size": 49152,
          "layer_type": "transformer"
        }
      },
      {
        "id": 2,
        "data": {
          "name": "transformer.layers.0.self_attn.out_proj.weight",
          "shape": [
            128,
            128
          ],
          "size": 16384,
          "layer_type": "transformer"
        }
      },
      {
        "id": 4,
        "data": {
          "name": "transformer.layers.0.linear1.weight",
          "shape": [
            2048,
            128
          ],
          "size": 262144,
          "layer_type": "transformer"
        }
      },
      {
        "id": 6,