{
  "query_0": {
    "synthetic_99": 0.2320610687022901,
    "synthetic_98": 0.2320610687022901,
    "synthetic_97": 0.17862595419847327,
    "synthetic_80": 0.17862595419847327,
    "synthetic_71": 0.17862595419847327
  },
  "query_1": {
    "synthetic_96": 0.3166666666666667,
    "synthetic_69": 0.025,
    "synthetic_73": 0.3166666666666667,
    "synthetic_42": 0.025,
    "synthetic_45": 0.3166666666666667
  },
  "query_2": {
    "synthetic_76": 0.2320610687022901,
    "synthetic_70": 0.17862595419847327,
    "synthetic_82": 0.2320610687022901,
    "synthetic_63": 0.17862595419847327,
    "synthetic_23": 0.17862595419847327
  },
  "query_3": {
    "synthetic_91": 0.025,
    "synthetic_93": 0.3166666666666667,
    "synthetic_5": 0.3166666666666667,
    "synthetic_55": 0.3166666666666667,
    "synthetic_15": 0.025
  },
  "query_4": {
    "synthetic_91": 0.025,
    "synthetic_93": 0.3166666666666667,
    "synthetic_5": 0.3166666666666667,
    "synthetic_55": 0.3166666666666667,
    "synthetic_15": 0.025
  },
  "query_5": {
    "synthetic_91": 0.025,
    "synthetic_93": 0.3166666666666667,
    "synthetic_5": 0.3166666666666667,
    "synthetic_55": 0.3166666666666667,
    "synthetic_15": 0.025
  },
  "query_6": {
    "synthetic_99": 0.2320610687022901,
    "synthetic_98": 0.2320610687022901,
    "synthetic_97": 0.17862595419847327,
    "synthetic_80": 0.17862595419847327,
    "synthetic_71": 0.17862595419847327
  },
  "query_7": {
    "synthetic_95": 0.06,
    "synthetic_18": 0.06,
    "synthetic_49": 0.76,
    "synthetic_59": 0.06,
    "synthetic_26": 0.06
  },
  "query_8": {
    "synthetic_10": 0.2456630239361002,
    "synthetic_38": 0.18921141103287437,
    "synthetic_74": 0.18837518834367514,
    "synthetic_68": 0.18837518834367514,
    "synthetic_6": 0.18837518834367514
  },
  "query_9": {
    "synthetic_78": 0.2202898550724638,
    "synthetic_0": 0.16956521739130434,
    "synthetic_43": 0.2202898550724638,
    "synthetic_39": 0.2202898550724638,
    "synthetic_27": 0.16956521739130434
  },
  "query_10": {
    "synthetic_77": 0.13385826771653542,
    "synthetic_72": 0.1889763779527559,
    "synthetic_83": 0.24409448818897633,
    "synthetic_32": 0.13385826771653542,
    "synthetic_21": 0.2992125984251969
  },
  "query_11": {
    "synthetic_64": 0.7599999999999998,
    "synthetic_87": 0.059999999999999984,
    "synthetic_54": 0.059999999999999984,
    "synthetic_60": 0.059999999999999984,
    "synthetic_31": 0.059999999999999984
  },
  "query_12": {
    "synthetic_96": 0.3166666666666667,
    "synthetic_69": 0.025,
    "synthetic_73": 0.3166666666666667,
    "synthetic_42": 0.025,
    "synthetic_45": 0.3166666666666667
  },
  "query_13": {
    "synthetic_10": 0.2456630239361002,
    "synthetic_38": 0.18921141103287437,
    "synthetic_74": 0.18837518834367514,
    "synthetic_68": 0.18837518834367514,
    "synthetic_6": 0.18837518834367514
  },
  "query_14": {
    "synthetic_81": 0.24533298570318005,
    "synthetic_90": 0.1888813727999542,
    "synthetic_33": 0.1888813727999542,
    "synthetic_50": 0.1888813727999542,
    "synthetic_22": 0.18802289589695734
  },
  "query_15": {
    "synthetic_91": 0.025,
    "synthetic_93": 0.3166666666666667,
    "synthetic_5": 0.3166666666666667,
    "synthetic_55": 0.3166666666666667,
    "synthetic_15": 0.025
  },
  "query_16": {
    "synthetic_28": 0.31921089009196785,
    "synthetic_29": 0.31921089009196785,
    "synthetic_25": 0.02754422342530119,
    "synthetic_56": 0.31921089009196785,
    "synthetic_53": 0.014823106298795241
  },
  "query_17": {
    "synthetic_91": 0.025,
    "synthetic_93": 0.3166666666666667,
    "synthetic_5": 0.3166666666666667,
    "synthetic_55": 0.3166666666666667,
    "synthetic_15": 0.025
  },
  "query_18": {
    "synthetic_96": 0.3166666666666667,
    "synthetic_69": 0.025,
    "synthetic_73": 0.3166666666666667,
    "synthetic_42": 0.025,
    "synthetic_45": 0.3166666666666667
  },
  "query_19": {
    "synthetic_95": 0.06,
    "synthetic_18": 0.06,
    "synthetic_49": 0.76,
    "synthetic_59": 0.06,
    "synthetic_26": 0.06
  },
  "query_20": {
    "synthetic_81": 0.24533298570318005,
    "synthetic_90": 0.1888813727999542,
    "synthetic_33": 0.1888813727999542,
    "synthetic_50": 0.1888813727999542,
    "synthetic_22": 0.18802289589695734
  },
  "query_21": {
    "synthetic_95": 0.06,
    "synthetic_18": 0.06,
    "synthetic_49": 0.76,
    "synthetic_59": 0.06,
    "synthetic_26": 0.06
  },
  "query_22": {
    "synthetic_77": 0.13385826771653542,
    "synthetic_72": 0.1889763779527559,
    "synthetic_83": 0.24409448818897633,
    "synthetic_32": 0.13385826771653542,
    "synthetic_21": 0.2992125984251969
  },
  "query_23": {
    "synthetic_91": 0.025,
    "synthetic_93": 0.3166666666666667,
    "synthetic_5": 0.3166666666666667,
    "synthetic_55": 0.3166666666666667,
    "synthetic_15": 0.025
  },
  "query_24": {
    "synthetic_79": 0.25675675675675674,
    "synthetic_75": 0.11486486486486486,
    "synthetic_86": 0.16216216216216217,
    "synthetic_94": 0.20945945945945943,
    "synthetic_46": 0.25675675675675674
  },
  "query_25": {
    "synthetic_78": 0.2202898550724638,
    "synthetic_0": 0.16956521739130434,
    "synthetic_43": 0.2202898550724638,
    "synthetic_39": 0.2202898550724638,
    "synthetic_27": 0.16956521739130434
  },
  "query_26": {
    "synthetic_76": 0.2320610687022901,
    "synthetic_70": 0.17862595419847327,
    "synthetic_82": 0.2320610687022901,
    "synthetic_63": 0.17862595419847327,
    "synthetic_23": 0.17862595419847327
  },
  "query_27": {
    "synthetic_96": 0.3166666666666667,
    "synthetic_69": 0.025,
    "synthetic_73": 0.3166666666666667,
    "synthetic_42": 0.025,
    "synthetic_45": 0.3166666666666667
  },
  "query_28": {
    "synthetic_77": 0.13385826771653542,
    "synthetic_72": 0.1889763779527559,
    "synthetic_83": 0.24409448818897633,
    "synthetic_32": 0.13385826771653542,
    "synthetic_21": 0.2992125984251969
  },
  "query_29": {
    "synthetic_77": 0.13385826771653542,
    "synthetic_72": 0.1889763779527559,
    "synthetic_83": 0.24409448818897633,
    "synthetic_32": 0.13385826771653542,
    "synthetic_21": 0.2992125984251969
  },
  "query_30": {
    "synthetic_95": 0.06,
    "synthetic_18": 0.06,
    "synthetic_49": 0.76,
    "synthetic_59": 0.06,
    "synthetic_26": 0.06
  },
  "query_31": {
    "synthetic_76": 0.2320610687022901,
    "synthetic_70": 0.17862595419847327,
    "synthetic_82": 0.2320610687022901,
    "synthetic_63": 0.17862595419847327,
    "synthetic_23": 0.17862595419847327
  },
  "query_32": {
    "synthetic_91": 0.025,
    "synthetic_93": 0.3166666666666667,
    "synthetic_5": 0.3166666666666667,
    "synthetic_55": 0.3166666666666667,
    "synthetic_15": 0.025
  },
  "query_33": {
    "synthetic_81": 0.24533298570318005,
    "synthetic_90": 0.1888813727999542,
    "synthetic_33": 0.1888813727999542,
    "synthetic_50": 0.1888813727999542,
    "synthetic_22": 0.18802289589695734
  },
  "query_34": {
    "synthetic_95": 0.06,
    "synthetic_18": 0.06,
    "synthetic_49": 0.76,
    "synthetic_59": 0.06,
    "synthetic_26": 0.06
  },
  "query_35": {
    "synthetic_99": 0.2320610687022901,
    "synthetic_98": 0.2320610687022901,
    "synthetic_97": 0.17862595419847327,
    "synthetic_80": 0.17862595419847327,
    "synthetic_71": 0.17862595419847327
  },
  "query_36": {
    "synthetic_10": 0.2456630239361002,
    "synthetic_38": 0.18921141103287437,
    "synthetic_74": 0.18837518834367514,
    "synthetic_68": 0.18837518834367514,
    "synthetic_6": 0.18837518834367514
  },
  "query_37": {
    "synthetic_77": 0.13385826771653542,
    "synthetic_72": 0.1889763779527559,
    "synthetic_83": 0.24409448818897633,
    "synthetic_32": 0.13385826771653542,
    "synthetic_21": 0.2992125984251969
  },
  "query_38": {
    "synthetic_99": 0.2320610687022901,
    "synthetic_98": 0.2320610687022901,
    "synthetic_97": 0.17862595419847327,
    "synthetic_80": 0.17862595419847327,
    "synthetic_71": 0.17862595419847327
  },