{
  "metrics": {
    "avg_rouge1": 0.346031746031746,
    "avg_rouge2": 0.26142857142857145,
    "avg_rougeL": 0.346031746031746
  },
  "avg_timings": {
    "retrieval": 0.00027409791946411135,
    "generation": 0.09192113876342774,
    "attribution": 0.0005332112312316894,
    "total": 0.09272844791412353
  }
}