{
  "metrics": {
    "avg_rouge1": 0.346031746031746,
    "avg_rouge2": 0.26142857142857145,
    "avg_rougeL": 0.346031746031746
  },
  "avg_timings": {
    "retrieval": 0.00030080080032348635,
    "generation": 0.13465272188186644,
    "attribution": 0.0005367517471313477,
    "total": 0.1354902744293213
  }
}