{
  "train_loss": [
    3.4716767072677612,
    3.4429818391799927
  ],
  "val_loss": [
    1.9621859788894653,
    1.9646190404891968
  ],
  "val_recall@1": [
    14.285714285714286,
    21.42857142857143
  ],
  "val_recall@5": [
    64.28571428571429,
    57.14285714285714
  ],
  "val_recall@10": [
    100.0,
    100.0
  ]
}