Model,Bleu,Rouge1,Rouge2,Rougel,Hallucination Rate,Perplexity
baseline,0.0,0.006666666666666667,0.0,0.006666666666666667,1.0,45426.078125
uad_entropy,0.0,0.006666666666666667,0.0,0.006666666666666667,1.0,45426.078125
