{
  "Standard ERM": {
    "overall_accuracy": 0.8693032097244564,
    "aligned_accuracy": 0.8945482370526976,
    "unaligned_accuracy": 0.5951311430098385,
    "worst_group_accuracy": 0.6035880987432061,
    "disparity": 0.2994170940428591
  },
  "Group DRO": {
    "overall_accuracy": 0.830170498619303,
    "aligned_accuracy": 0.9189843707077655,
    "unaligned_accuracy": 0.6642147003382871,
    "worst_group_accuracy": 0.6546090440524471,
    "disparity": 0.2547696703694784
  },
  "DANN": {
    "overall_accuracy": 0.7573107140262973,
    "aligned_accuracy": 0.8777003166495274,
    "unaligned_accuracy": 0.7137416787834352,
    "worst_group_accuracy": 0.6988327219108804,
    "disparity": 0.16395863786609222
  },
  "Reweighting": {
    "overall_accuracy": 0.8369712187953635,
    "aligned_accuracy": 0.8406247358655123,
    "unaligned_accuracy": 0.7728282427597234,
    "worst_group_accuracy": 0.7227911775306649,
    "disparity": 0.06779649310578895
  },
  "AIFS": {
    "overall_accuracy": 0.8628223857008063,
    "aligned_accuracy": 0.9093779688580951,
    "unaligned_accuracy": 0.7912556160226392,
    "worst_group_accuracy": 0.7852388861681318,
    "disparity": 0.11812235283545591
  }
}