{
  "Standard ERM": {
    "train_loss": [
      1.844704273771011,
      1.6332360875894065,
      1.4839836698138493,
      1.4167259627062616,
      1.226292554898084,
      1.28176143797241,
      1.0762461808059174,
      0.9962672027241062,
      0.9550097013342856,
      0.9005258000991857,
      0.8638766377987176,
      0.7230063621840884,
      0.7460798366896906,
      0.6674934582587744,
      0.6250847002379029,
      0.6030212608669789,
      0.6104195894308097,
      0.5685207988976695,
      0.5320715119377372,
      0.5123453611964324,
      0.4840983891493416,
      0.4518194191525772,
      0.44203528095786215,
      0.4235143264533484,
      0.4315653278496631,
      0.3837332958929796,
      0.3986158401539246,
      0.39689234662160977,
      0.3839727904262922,
      0.3740303112123559
    ],
    "val_loss": [
      1.8868648913887374,
      1.7634768620850008,
      1.7238116457527595,
      1.4297209898289267,
      1.5151172738924383,
      1.3938564579165722,
      1.3420300362302815,
      1.2472317040063539,
      1.1388565231727739,
      1.0322942950913836,
      1.1005523460869184,
      1.0048544874738834,
      0.9096360612158924,
      0.9857295010448247,
      0.9045690077075988,
      0.8759771025691512,
      0.9102595029358068,
      0.7967841928058735,
      0.8589577990698665,
      0.7605908193194759,
      0.7630430057612134,
      0.7107468322344432,
      0.7283434259481917,
      0.6814148000577782,
      0.6856776116745067,
      0.6483081584778294,
      0.6619446194370874,
      0.6341738333831242,
      0.7022743646396995,
      0.5789868816752853
    ],
    "train_acc": [
      20.64768853810069,
      29.00182935884256,
      32.316180534384955,
      35.340732102242896,
      41.73540236185707,
      48.431573770457234,
      49.35598208834335,
      54.38121553636441,
      61.84585654552799,
      58.26520557162438,
      64.744730106258,
      66.01011899359521,
      70.90160958217236,
      75.45825437478662,
      74.76999538201468,
      71.01017348136787,
      76.34997030263442,
      79.3485997972317,
      68.7610142841518,
      80.56209515983205,
      87.1549883403848,
      85.78121258379238,
      83.21236861532805,
      81.8796054376718,
      84.17563895267062,
      83.27675350545567,
      93.28625121070588,
      77.49057535731387,
      85.30661894342313,
      91.45846558797197
    ],
    "val_acc": [
      19.37072687076722,
      24.436941745465795,
      27.944490217352993,
      32.33292299547638,
      34.890085938872474,
      38.50738337490999,
      45.903480714500525,
      52.83465282122492,
      48.246294174682035,
      54.69253958371854,
      55.85300843263538,
      62.164454720244805,
      60.00940739744514,
      66.09504330203194,
      68.12718775585019,
      62.62980037645012,
      71.5512739623706,
      74.8724401877077,
      73.71357736468022,
      64.82351496586848,
      71.1590734130154,
      75.25597255771125,
      78.5740077823479,
      70.22996402481047,
      75.63907467002099,
      74.13759765704589,
      78.55689245007095,
      78.36140973523162,
      80.19634726555469,
      82.48925036757382
    ]
  },
  "Group DRO": {
    "train_loss": [
      1.9751480349690893,
      1.8040098109991376,
      1.6277256845020989,
      1.4201294462284297,
      1.3372036480616367,
      1.308963739554254,
      1.2220359689800442,
      1.1565277719975455,
      1.0197610731207423,
      1.0836881676179249,
      0.8876407328645045,
      0.9231454344700084,
      0.8232517336899517,
      0.7878280503244286,
      0.7529517745801168,
      0.7402794532856107,
      0.6789173166589151,
      0.630546052202714,
      0.6398026718140675,
      0.5831619353481383,
      0.6000199070822446,
      0.5315311516267498,
      0.5683309231475836,
      0.5646282510718558,
      0.504971743868805,
      0.5723238065867351,
      0.49001442161030345,
      0.47425536226304527,
      0.48392007382047975,
      0.4266158073873992
    ],
    "val_loss": [
      1.909061254520526,
      2.0907471886780122,
      1.733517061829804,
      1.7207667227485537,
      1.5660485243339899,
      1.608445421030241,
      1.4907092662232748,
      1.3859708887657518,
      1.317573604665417,
      1.273912094697405,
      1.2380813277508833,
      1.165949214378105,
      1.0562101631149576,
      1.0744977495129113,
      1.0928149426643003,
      0.9420048680070281,
      0.9864555557485449,
      0.8534058033411047,
      0.8407866150042408,
      0.8788379626112314,
      0.8734811378162731,
      0.7901622262100783,
      0.9661779888133573,
      0.8185844249737145,
      0.7676443976238149,
      0.6910716090761968,
      0.789608769003001,
      0.761570891832964,
      0.7016362074165715,
      0.7215839846685299
    ],
    "train_acc": [
      19.262514879842488,
      23.366985564957595,
      28.15557690123951,
      34.22673315045227,
      42.359433462540814,
      41.435662124226674,
      45.95311956283976,
      53.180090529374084,
      56.53050629385443,
      55.102177260053274,
      64.73209830448302,
      66.1389275676228,
      62.718685447763264,
      68.47522593798094,
      68.34020785869123,
      67.01271557655815,
      73.90740461811109,
      71.81709952192996,
      75.23738207732104,
      75.83448236659679,
      80.68146605463372,
      79.3609190784122,
      80.34839870037817,
      77.55275397716161,
      77.47765422464988,
      82.69803710200395,
      80.70897619765171,
      77.9432874130358,
      90.0159188908398,
      78.96205111077474
    ],
    "val_acc": [
      14.878519149766175,
      20.84391796167721,
      26.54304719578843,
      33.44588030271496,
      33.080035675087665,
      39.47184966388061,
      39.83716230896136,
      46.698271542699146,
      47.13852447406893,
      53.31430832533862,
      51.90788960260511,
      61.78294663630203,
      56.15493284783207,
      62.981797643993644,
      70.72539381854864,
      65.4296440764667,
      65.14626679315964,
      69.61525858890042,
      69.32614809682427,
      65.21779290059114,
      73.93088569959188,
      73.03169438669738,
      76.18776723971028,
      75.67945226712636,
      73.96467372825221,
      68.35629921068282,
      70.94277377381336,
      76.38077435711132,
      78.50652452319343,
      79.84645919941195
    ]
  },
  "DANN": {
    "train_loss": [
      1.92074792615673,
      1.741401497983491,
      1.8714543067776606,
      1.7695414637108724,
      1.586199571625739,
      1.329625926845677,
      1.2898631030135725,
      1.2001141808037035,
      1.2228654147109197,
      1.1020795261572598,
      1.038979074374414,
      1.0853177507327678,
      0.946593000192574,
      0.8646243747452277,
      0.8908063652704569,
      0.7839249357494226,
      0.7857666196118923,
      0.7791700716543883,
      0.763278918595998,
      0.7343387130617416,
      0.6928183920028612,
      0.6371090069940037,
      0.6744731610661768,
      0.6413432999011379,
      0.5994609104596964,
      0.5877583923411691,
      0.5876816520323715,
      0.5705859086906749,
      0.6078129800355254,
      0.5741486455444343
    ],
    "val_loss": [
      2.0879526736459755,
      1.951177518553701,
      1.9163166928103872,
      1.872901253427553,
      1.6318219643840723,
      1.6049799932218276,
      1.4388838649621039,
      1.475272684897495,
      1.4031662457621115,
      1.3040820470512973,
      1.333949709657952,
      1.1211108139997532,
      1.1602877877452011,
      1.2056040477058392,
      1.1359637524221635,
      1.0538179536376988,
      1.0586270390946408,
      1.012996288352496,
      1.037173902342712,
      0.9570534629495823,
      0.9779171653557837,
      0.8726355045457621,
      0.9387128395800377,
      0.8625371395267141,
      0.8627526954424277,
      0.8727422929643229,
      0.8586850953157358,
      0.8276153470420257,
      0.818665779163795,
      0.8031573276327559
    ],