{
  "logistic_regression": {
    "accuracy": 0.9333333333333333,
    "balanced_accuracy": 0.9333333333333332,
    "precision": 0.9333333333333333,
    "recall": 0.9333333333333333,
    "f1_score": 0.9333333333333333,
    "roc_auc": 0.9966666666666666,
    "inference_time": 0.000807,
    "model_complexity": 4
  },
  "decision_tree": {
    "accuracy": 0.9,
    "balanced_accuracy": 0.9,
    "precision": 0.9023569023569024,
    "recall": 0.9,
    "f1_score": 0.8997493734335839,
    "roc_auc": 0.925,
    "inference_time": 0.000842,
    "model_complexity": 4
  },
  "random_forest": {
    "accuracy": 0.9,
    "balanced_accuracy": 0.9,
    "precision": 0.9023569023569024,
    "recall": 0.9,
    "f1_score": 0.8997493734335839,
    "roc_auc": 0.9866666666666666,
    "inference_time": 0.005186,
    "model_complexity": 4
  },
  "svm": {
    "accuracy": 0.9666666666666667,
    "balanced_accuracy": 0.9666666666666667,
    "precision": 0.9696969696969696,
    "recall": 0.9666666666666667,
    "f1_score": 0.9665831244778613,
    "roc_auc": 0.9966666666666666,
    "inference_time": 0.000943,
    "model_complexity": 4
  },
  "mlp": {
    "accuracy": 0.9666666666666667,
    "balanced_accuracy": 0.9666666666666667,
    "precision": 0.9696969696969696,
    "recall": 0.9666666666666667,
    "f1_score": 0.9665831244778613,
    "roc_auc": 0.9966666666666666,
    "inference_time": 0.000917,
    "model_complexity": 4
  }
}