{
  "train_loss": [
    3.008702596028646,
    2.961168050765991
  ],
  "val_loss": [
    2.093325138092041,
    2.111290454864502
  ],
  "val_recall@1": [
    6.25,
    12.5
  ],
  "val_recall@5": [
    56.25,
    62.5
  ],
  "val_recall@10": [
    100.0,
    100.0
  ]
}