method,accuracy,canary_prob
baseline,0.0,0.30382853746414185
projection,0.0,0.25693610310554504
