{"0": 0.0, "1": 2.424242424242425, "3": 1.0855623965493137e-15}