mental_model_accuracy,diagnostic_performance,appropriate_reliance,user_ai_misalignment,cognitive_load,trust_calibration,tutor_effectiveness,diagnostic_performance_simple,diagnostic_performance_medium,diagnostic_performance_complex
0.6540203187904885,0.7892307692307692,0.8076923076923077,2.80777308077058,37.80721988190947,0.8076923076923077,,0.8666666666666667,0.7983333333333333,0.7444444444444445
0.4909486838392517,0.7528205128205128,0.7671794871794871,3.7693267400910284,29.11623438220667,0.7671794871794871,,0.8111111111111111,0.7883333333333333,0.7
0.16307163495123678,0.036410256410256414,0.04051282051282057,0.9615536593204483,-8.690985499702798,0.04051282051282057,,0.05555555555555558,0.010000000000000009,0.04444444444444451
33.21561709382855,4.836512261580382,5.280748663101612,25.509957762303912,-29.84927716138313,5.280748663101612,,6.849315068493153,1.2684989429175488,6.349206349206359
,,,,,,7.238082015127946,,,
,,,,,,0.6178010471204188,,,
