{
  "erm": {
    "test_accuracy": 0.9333333333333333,
    "worst_group_accuracy": 0.0,
    "spurious_sensitivity_scores": {
      "background": 0.43466920852661134,
      "color": 0.3282105763753255,
      "shape": 0.32268238067626953
    },
    "invariance_gap": -2.2366886138916016,
    "training_time": 3.4764797687530518,
    "best_epoch": 1
  },
  "irm": {
    "test_accuracy": 0.85,
    "worst_group_accuracy": 0.0,
    "spurious_sensitivity_scores": {
      "background": 0.2927973429361979,
      "color": 0.19868144989013672,
      "shape": 0.4001359303792318
    },
    "invariance_gap": -0.8037676215171814,
    "training_time": 2.539973020553589,
    "best_epoch": 0
  }
}