{
  "erm": {
    "test_accuracy": 0.9333333333333333,
    "worst_group_accuracy": 0.0,
    "spurious_sensitivity_scores": {
      "background": 0.43466920852661134,
      "color": 0.3282105763753255,
      "shape": 0.32268238067626953
    },
    "invariance_gap": -2.2366886138916016,
    "training_time": 3.032623291015625,
    "best_epoch": 1
  }
}