{
  "model_name": "baseline",
  "total_samples": 100,
  "correct_samples": 40,
  "verification_results": [
    true,
    false,
    false,
    false,
    false,
    false,
    false,
    true,
    false,
    true,
    false,
    true,
    true,
    false,
    false,
    false,
    false,
    false,
    false,
    false,
    false,
    false,
    false,
    false,
    false,
    true,
    false,
    true,
    false,
    false,
    false,
    true,
    false,
    false,
    false,
    false,
    false,
    false,
    false,
    false,
    false,
    true,
    false,
    false,
    false,
    true,
    false,
    false,
    true,
    true,
    false,
    false,
    true,
    true,
    false,
    false,
    false,
    false,
    true,
    true,
    true,
    true,
    true,
    false,
    true,
    true,
    false,
    false,
    false,
    true,
    false,
    false,
    false,
    true,
    false,
    false,
    true,
    false,
    true,
    false,
    false,
    true,
    false,
    false,
    true,
    false,
    true,
    false,
    true,
    true,
    false,
    true,
    false,
    true,
    false,
    true,
    false,
    false,
    false,
    true
  ],
  "error_counts": {
    "syntax": 20,
    "type": 15,
    "logic": 25,
    "semantic": 30,
    "security": 10
  },
  "execution_times": {
    "total": 440.15058179984464,
    "problem_0": {
      "generation": 1.2001427143895032,
      "verification": 1.3207596687790644,
      "total": 4.094751174522002
    },
    "problem_1": {
      "generation": 1.8226916264696806,
      "verification": 0.7247108532153054,
      "total": 2.321951109628683
    },
    "problem_2": {
      "generation": 2.388413188243285,
      "verification": 0.7222466247663226,
      "total": 2.4698429755189837
    },
    "problem_3": {
      "generation": 1.541592684772293,
      "verification": 0.5374069095966436,
      "total": 4.9387050568189865
    },
    "problem_4": {
      "generation": 1.462923398701509,
      "verification": 1.4737999417244672,
      "total": 4.9100255753753395
    },
    "problem_5": {
      "generation": 2.75070131897612,
      "verification": 0.6030446593998293,
      "total": 2.779667078609146
    },
    "problem_6": {
      "generation": 1.6939124154222296,
      "verification": 1.6817416284728428,
      "total": 3.692042068599384
    },
    "problem_7": {
      "generation": 2.2018125047594674,
      "verification": 1.0936178594988473,
      "total": 4.929948607091761
    },
    "problem_8": {
      "generation": 1.801234727168689,
      "verification": 1.4153814555096906,
      "total": 3.118756470821049
    },
    "problem_9": {
      "generation": 2.064947884645493,
      "verification": 1.1823235980294569,
      "total": 4.896830657568048
    },
    "problem_10": {
      "generation": 2.601886519309736,
      "verification": 1.0328469545256698,
      "total": 3.126188758964464
    },
    "problem_11": {
      "generation": 1.246105779383892,
      "verification": 0.9123893595686519,
      "total": 3.846685724911968
    },
    "problem_12": {
      "generation": 1.1595304505069284,
      "verification": 1.9589992787151904,
      "total": 3.489058017164335
    },
    "problem_13": {
      "generation": 1.5953669221428424,
      "verification": 1.4430292957407576,
      "total": 3.223149251891567
    },
    "problem_14": {
      "generation": 2.2391377043432823,
      "verification": 0.5894719583823276,
      "total": 4.011524627899447
    },
    "problem_15": {
      "generation": 2.4737070197229443,
      "verification": 1.4623677586480026,
      "total": 2.246495686585111
    },
    "problem_16": {
      "generation": 2.361504094028105,
      "verification": 1.6117333156751457,
      "total": 2.1228464831239866
    },
    "problem_17": {
      "generation": 2.3254407691154757,
      "verification": 1.1962460094687164,
      "total": 2.7555020513540223
    },
    "problem_18": {
      "generation": 1.7989287779307734,
      "verification": 0.7139996410155525,
      "total": 4.531409676349347
    },
    "problem_19": {
      "generation": 1.6088271954503512,
      "verification": 1.3405446303924036,
      "total": 3.5464561701637067
    },
    "problem_20": {
      "generation": 1.7117217177361614,
      "verification": 1.4570136542364662,
      "total": 4.961901940004644
    },
    "problem_21": {
      "generation": 1.9566952287442458,
      "verification": 0.8723678722968242,
      "total": 3.6452325496770417
    },
    "problem_22": {
      "generation": 1.73453623424194,
      "verification": 0.7210386295790902,
      "total": 2.716479225684967
    },
    "problem_23": {
      "generation": 1.7589494542557318,
      "verification": 1.315156703668431,
      "total": 4.022726278489062
    },
    "problem_24": {
      "generation": 2.908768050194925,
      "verification": 0.6539001258689412,
      "total": 4.6859043430518375
    },
    "problem_25": {
      "generation": 2.8358801116698604,
      "verification": 0.5820649836812174,
      "total": 3.053480102609799
    },
    "problem_26": {
      "generation": 1.2911832924352407,
      "verification": 1.8081822216662682,
      "total": 2.2250048931056026
    },
    "problem_27": {
      "generation": 2.9542314068696225,
      "verification": 1.3129156730653966,
      "total": 2.6669411047993807
    },
    "problem_28": {
      "generation": 1.8152229777919902,
      "verification": 1.2866757381472282,
      "total": 2.3253735429684737
    },
    "problem_29": {
      "generation": 1.5744022416202859,
      "verification": 0.5889208682732949,
      "total": 4.206300287999168
    },
    "problem_30": {
      "generation": 1.748656458018503,
      "verification": 1.169736111809815,
      "total": 3.4250537053622945
    },
    "problem_31": {
      "generation": 2.460895289052222,
      "verification": 1.657316335223554,
      "total": 3.246923938766994
    },
    "problem_32": {
      "generation": 1.0185723361012171,
      "verification": 0.6339945685172896,
      "total": 3.6934198505424543
    },
    "problem_33": {
      "generation": 2.6843732847121355,
      "verification": 1.4833647830247265,
      "total": 3.6864643774893864
    },
    "problem_34": {
      "generation": 1.6887115424738448,
      "verification": 1.9490742917382322,
      "total": 4.529748268943542
    },
    "problem_35": {
      "generation": 1.3161612487852001,
      "verification": 1.7523756337615979,
      "total": 2.713391362718008
    },
    "problem_36": {
      "generation": 2.215197243770459,
      "verification": 0.8140929298343456,
      "total": 3.1270992397910096
    },
    "problem_37": {
      "generation": 2.0027394081582615,
      "verification": 0.7791501309134032,
      "total": 4.957377412365648
    },
    "problem_38": {
      "generation": 2.159726540698792,
      "verification": 1.8069460394425783,
      "total": 3.494006564462962
    },
    "problem_39": {
      "generation": 2.0059851685939165,
      "verification": 0.6383642844698065,
      "total": 3.7764975337463693
    },
    "problem_40": {
      "generation": 1.6493237368394102,
      "verification": 1.7524262325353022,
      "total": 2.4371077692856304
    },
    "problem_41": {
      "generation": 2.370265339572061,
      "verification": 0.602366970173268,
      "total": 4.433072829975128
    },
    "problem_42": {
      "generation": 1.8254633992441325,
      "verification": 1.869011470432799,
      "total": 2.7995406352307426
    },
    "problem_43": {
      "generation": 1.5230402506733491,
      "verification": 1.6628743633576428,
      "total": 2.2926164684584722
    },
    "problem_44": {
      "generation": 1.0170186188389254,
      "verification": 1.1767878284286777,
      "total": 3.355200500621811
    },
    "problem_45": {
      "generation": 1.9240767759414057,
      "verification": 1.648126770630547,
      "total": 3.1724400957402703
    },
    "problem_46": {
      "generation": 1.0316668220163288,
      "verification": 0.8000145872959805,