{
  "model_name": "veril_dynamic",
  "total_samples": 100,
  "correct_samples": 52,
  "verification_results": [
    false,
    false,
    true,
    false,
    false,
    false,
    true,
    true,
    true,
    false,
    false,
    false,
    false,
    true,
    false,
    true,
    false,
    false,
    true,
    true,
    true,
    true,
    true,
    true,
    true,
    true,
    true,
    true,
    false,
    true,
    true,
    true,
    true,
    true,
    true,
    false,
    true,
    false,
    true,
    false,
    true,
    true,
    true,
    false,
    false,
    true,
    false,
    true,
    false,
    true,
    true,
    true,
    false,
    false,
    true,
    false,
    true,
    true,
    false,
    true,
    false,
    true,
    false,
    false,
    false,
    false,
    true,
    true,
    true,
    false,
    false,
    true,
    true,
    false,
    false,
    false,
    true,
    true,
    false,
    true,
    true,
    true,
    true,
    false,
    false,
    true,
    true,
    true,
    true,
    true,
    false,
    true,
    true,
    true,
    true,
    false,
    true,
    false,
    false,
    true
  ],
  "error_counts": {
    "syntax": 20,
    "type": 15,
    "logic": 16,
    "semantic": 20,
    "security": 10
  },
  "execution_times": {
    "total": 344.936417769273,
    "problem_0": {
      "generation": 2.6357711642277972,
      "verification": 1.0421199697532875,
      "total": 2.378355743349868
    },
    "problem_1": {
      "generation": 1.8368552177401711,
      "verification": 0.7511153144194865,
      "total": 3.0859330426344838
    },
    "problem_2": {
      "generation": 1.5968207229299984,
      "verification": 0.9915110466025694,
      "total": 4.3185035276239825
    },
    "problem_3": {
      "generation": 2.6057623387053015,
      "verification": 0.8559941645570788,
      "total": 3.9825609722802473
    },
    "problem_4": {
      "generation": 1.66935474730805,
      "verification": 1.801001543686012,
      "total": 3.81186618092345
    },
    "problem_5": {
      "generation": 2.8412049147006817,
      "verification": 1.7627506555863073,
      "total": 3.1111145847228086
    },
    "problem_6": {
      "generation": 1.7882193152171955,
      "verification": 1.0499330785570358,
      "total": 2.0321911021426726
    },
    "problem_7": {
      "generation": 2.037405827806504,
      "verification": 1.1283703581983702,
      "total": 3.7528664073853406
    },
    "problem_8": {
      "generation": 1.6464362256019316,
      "verification": 1.1791726517958507,
      "total": 4.213976086796338
    },
    "problem_9": {
      "generation": 2.0237133399347313,
      "verification": 1.5152085961296886,
      "total": 2.845630465223304
    },
    "problem_10": {
      "generation": 2.4399550404950885,
      "verification": 1.337727583857714,
      "total": 3.3060032754531905
    },
    "problem_11": {
      "generation": 2.543173253114107,
      "verification": 0.7635495448072778,
      "total": 2.0279507882653416
    },
    "problem_12": {
      "generation": 2.321368374143178,
      "verification": 1.7444441854349397,
      "total": 4.821043639523808
    },
    "problem_13": {
      "generation": 1.1787794312241113,
      "verification": 0.6087975305404735,
      "total": 4.881932328176806
    },
    "problem_14": {
      "generation": 1.3677054689016654,
      "verification": 1.6885370066792407,
      "total": 3.8936908626975577
    },
    "problem_15": {
      "generation": 2.867194288015815,
      "verification": 1.4257984627574742,
      "total": 2.4450699312875273
    },
    "problem_16": {
      "generation": 2.3453256253160077,
      "verification": 0.5143023723806652,
      "total": 3.7985308670734383
    },
    "problem_17": {
      "generation": 2.1300856625902074,
      "verification": 1.2751166104007112,
      "total": 2.499972610321496
    },
    "problem_18": {
      "generation": 1.1000658397896796,
      "verification": 1.677376925708741,
      "total": 2.4823245121822954
    },
    "problem_19": {
      "generation": 1.894325144577812,
      "verification": 1.3361897737905983,
      "total": 4.416737497676964
    },
    "problem_20": {
      "generation": 1.9638158512202983,
      "verification": 1.1794314029446273,
      "total": 3.4185293631495224
    },
    "problem_21": {
      "generation": 2.4559487427292384,
      "verification": 1.865445242706136,
      "total": 3.955906253338772
    },
    "problem_22": {
      "generation": 2.8448596894388185,
      "verification": 1.731622676509067,
      "total": 2.863592385966985
    },
    "problem_23": {
      "generation": 2.3886068071284514,
      "verification": 1.4535941341482275,
      "total": 2.0473371659259523
    },
    "problem_24": {
      "generation": 2.1546008720649024,
      "verification": 1.6248227443682928,
      "total": 4.037321131368124
    },
    "problem_25": {
      "generation": 1.389381480940892,
      "verification": 1.2032177364951964,
      "total": 4.097940124291432
    },
    "problem_26": {
      "generation": 1.1213158551883666,
      "verification": 0.8064443351870122,
      "total": 3.1732056206719546
    },
    "problem_27": {
      "generation": 2.792243755584889,
      "verification": 1.1071799652087757,
      "total": 2.1707307476509237
    },
    "problem_28": {
      "generation": 1.555433796389064,
      "verification": 1.8288994834347299,
      "total": 2.778256627175481
    },
    "problem_29": {
      "generation": 2.420884207418022,
      "verification": 0.6855692238179756,
      "total": 4.489067708590454
    },
    "problem_30": {
      "generation": 2.04978940527906,
      "verification": 1.6765037525260167,
      "total": 2.5359885926312633
    },
    "problem_31": {
      "generation": 1.376023463328089,
      "verification": 1.1525900054312164,
      "total": 3.352738240581605
    },
    "problem_32": {
      "generation": 2.9802121723162207,
      "verification": 1.0256497583032602,
      "total": 2.5699631458194205
    },
    "problem_33": {
      "generation": 2.551737637168719,
      "verification": 1.3941935413138307,
      "total": 4.675716903379913
    },
    "problem_34": {
      "generation": 1.9242263158917507,
      "verification": 0.50002912092892,
      "total": 3.0924442594636634
    },
    "problem_35": {
      "generation": 2.9872527685232075,
      "verification": 1.9967488739915398,
      "total": 4.273567891455807
    },
    "problem_36": {
      "generation": 1.106936660622384,
      "verification": 1.4901340205391462,
      "total": 2.7984358447691617
    },
    "problem_37": {
      "generation": 1.1990803675545325,
      "verification": 1.05637761587265,
      "total": 3.359902372346681
    },
    "problem_38": {
      "generation": 2.036328166277574,
      "verification": 0.5064957666856073,
      "total": 4.289291168571977
    },
    "problem_39": {
      "generation": 2.4526936030645827,
      "verification": 1.0141685155215816,
      "total": 3.140543683060283
    },
    "problem_40": {
      "generation": 2.9376788641608247,
      "verification": 1.9470815442238179,
      "total": 3.011227138758703
    },
    "problem_41": {
      "generation": 1.7084498703126318,
      "verification": 1.419897271873262,
      "total": 4.276630204991073
    },
    "problem_42": {
      "generation": 1.952305164655071,
      "verification": 0.8020138943845272,
      "total": 3.325050787383799
    },
    "problem_43": {
      "generation": 1.3351129560072492,
      "verification": 0.9760762538481829,
      "total": 3.9690759814959904
    },
    "problem_44": {
      "generation": 2.6070589630080985,
      "verification": 1.7280644387729804,
      "total": 3.6778111569512997
    },
    "problem_45": {
      "generation": 1.3280418871048425,
      "verification": 1.3154075579443134,
      "total": 2.607360142498557
    },
    "problem_46": {
      "generation": 2.0533904884382137,
      "verification": 1.637106978792497,
      "total": 4.864020485078354
    },