{
  "model_name": "veril_static",
  "total_samples": 100,
  "correct_samples": 48,
  "verification_results": [
    true,
    false,
    false,
    false,
    true,
    false,
    true,
    true,
    false,
    false,
    true,
    false,
    true,
    true,
    false,
    true,
    false,
    true,
    false,
    true,
    true,
    false,
    false,
    true,
    true,
    false,
    true,
    false,
    false,
    true,
    false,
    true,
    true,
    false,
    false,
    true,
    false,
    false,
    false,
    false,
    false,
    true,
    true,
    false,
    false,
    true,
    true,
    false,
    true,
    false,
    false,
    true,
    false,
    true,
    true,
    false,
    false,
    false,
    false,
    true,
    false,
    false,
    true,
    false,
    false,
    false,
    false,
    true,
    true,
    true,
    false,
    false,
    false,
    true,
    true,
    true,
    false,
    true,
    false,
    true,
    false,
    false,
    false,
    true,
    true,
    true,
    false,
    false,
    false,
    true,
    true,
    false,
    true,
    false,
    true,
    true,
    false,
    false,
    true,
    true
  ],
  "error_counts": {
    "syntax": 13,
    "type": 10,
    "logic": 25,
    "semantic": 30,
    "security": 6
  },
  "execution_times": {
    "total": 493.007298860816,
    "problem_0": {
      "generation": 1.9260238264804341,
      "verification": 1.4997205550064363,
      "total": 2.877704338101847
    },
    "problem_1": {
      "generation": 2.3367506843737775,
      "verification": 1.3222323707997286,
      "total": 4.567898737558016
    },
    "problem_2": {
      "generation": 2.8889863651524346,
      "verification": 0.9886929629713168,
      "total": 2.9662307103541012
    },
    "problem_3": {
      "generation": 1.5151562892147048,
      "verification": 1.0996969144221274,
      "total": 2.267334924172819
    },
    "problem_4": {
      "generation": 1.4099383659401867,
      "verification": 1.6452480490731927,
      "total": 3.5137656723400044
    },
    "problem_5": {
      "generation": 1.4030438098281781,
      "verification": 1.1325532889152945,
      "total": 4.712962234504024
    },
    "problem_6": {
      "generation": 2.7565733964559267,
      "verification": 0.8239185630327456,
      "total": 4.450683574832949
    },
    "problem_7": {
      "generation": 1.8163501084613318,
      "verification": 1.3276556128199004,
      "total": 2.8562947986287703
    },
    "problem_8": {
      "generation": 1.4774483532464757,
      "verification": 1.5654962988142547,
      "total": 3.059971873008848
    },
    "problem_9": {
      "generation": 1.1981337092963165,
      "verification": 1.6906269949602175,
      "total": 2.588261090947382
    },
    "problem_10": {
      "generation": 1.6550668688039527,
      "verification": 0.5614613951948586,
      "total": 3.956562156072599
    },
    "problem_11": {
      "generation": 1.1583459796513849,
      "verification": 1.8940476383395195,
      "total": 3.0661272605698944
    },
    "problem_12": {
      "generation": 2.739668965087235,
      "verification": 1.021171171778227,
      "total": 3.180158480165311
    },
    "problem_13": {
      "generation": 1.631711451899755,
      "verification": 1.7289207280910484,
      "total": 4.88235501084791
    },
    "problem_14": {
      "generation": 1.989322654038385,
      "verification": 1.2337902152215312,
      "total": 4.666441288837493
    },
    "problem_15": {
      "generation": 1.9650842781270228,
      "verification": 1.743664538537014,
      "total": 4.40815169004336
    },
    "problem_16": {
      "generation": 1.0053077918234503,
      "verification": 0.7576029478240638,
      "total": 3.674189512050346
    },
    "problem_17": {
      "generation": 1.853991189099462,
      "verification": 1.352420707770026,
      "total": 3.323634431669414
    },
    "problem_18": {
      "generation": 2.3684839428835227,
      "verification": 0.5430985111129613,
      "total": 3.6812169464706748
    },
    "problem_19": {
      "generation": 2.45593026108724,
      "verification": 0.7854784266582545,
      "total": 3.8782501128224625
    },
    "problem_20": {
      "generation": 2.693466142186504,
      "verification": 0.9490857574983611,
      "total": 2.08922904094144
    },
    "problem_21": {
      "generation": 2.78935730621923,
      "verification": 0.6961222170308432,
      "total": 2.749498557634302
    },
    "problem_22": {
      "generation": 1.0015839742803143,
      "verification": 1.835141845946702,
      "total": 3.5201963195519643
    },
    "problem_23": {
      "generation": 2.483457484740731,
      "verification": 1.047940556714855,
      "total": 4.416237531518096
    },
    "problem_24": {
      "generation": 2.92585062631598,
      "verification": 1.7247107411665028,
      "total": 3.143284023964731
    },
    "problem_25": {
      "generation": 2.8722226284825396,
      "verification": 1.0658755050387847,
      "total": 4.345802730214318
    },
    "problem_26": {
      "generation": 2.857549585306444,
      "verification": 1.6505043911469837,
      "total": 3.6968438392611254
    },
    "problem_27": {
      "generation": 1.4920555096504189,
      "verification": 1.6127684036361458,
      "total": 2.7107316662509686
    },
    "problem_28": {
      "generation": 2.8530672030653252,
      "verification": 1.3937549013690997,
      "total": 2.877665161194292
    },
    "problem_29": {
      "generation": 2.5946221351635916,
      "verification": 0.5906121864442122,
      "total": 3.910180908696241
    },
    "problem_30": {
      "generation": 1.8637938967183565,
      "verification": 1.267950505863057,
      "total": 2.864505008067455
    },
    "problem_31": {
      "generation": 2.0168051739886277,
      "verification": 1.4146476588982295,
      "total": 2.851531222565555
    },
    "problem_32": {
      "generation": 2.092564848002134,
      "verification": 0.7285784291751667,
      "total": 2.1528442283726728
    },
    "problem_33": {
      "generation": 2.0564641684357348,
      "verification": 1.27426346862598,
      "total": 3.1731654658689776
    },
    "problem_34": {
      "generation": 2.9496151259665835,
      "verification": 1.6774748685838063,
      "total": 4.042932899380619
    },
    "problem_35": {
      "generation": 1.189373424182171,
      "verification": 1.2369240051196617,
      "total": 2.6691115757257076
    },
    "problem_36": {
      "generation": 2.2155526668294945,
      "verification": 0.9770964616870146,
      "total": 3.456236590981334
    },
    "problem_37": {
      "generation": 1.0218612789330175,
      "verification": 1.0639373744846936,
      "total": 2.1877808046455134
    },
    "problem_38": {
      "generation": 2.6575965384125446,
      "verification": 1.6158626656111081,
      "total": 2.521314810975731
    },
    "problem_39": {
      "generation": 1.3985357324264396,
      "verification": 0.9288786635458615,
      "total": 4.78978250548391
    },
    "problem_40": {
      "generation": 2.1072703039302154,
      "verification": 1.1350704743823405,
      "total": 3.6775482145372114
    },
    "problem_41": {
      "generation": 1.0756352326304126,
      "verification": 1.4926037263361098,
      "total": 4.365641402385071
    },
    "problem_42": {
      "generation": 2.6461008256995635,
      "verification": 1.9764206390749586,
      "total": 2.4486789632777417
    },
    "problem_43": {
      "generation": 1.0205460950690262,
      "verification": 1.1745192639583768,
      "total": 2.5619152983734974
    },
    "problem_44": {
      "generation": 2.128153601758906,
      "verification": 0.7021468618177817,
      "total": 3.2700792781138137
    },
    "problem_45": {
      "generation": 1.656693747221975,
      "verification": 1.344525777331126,
      "total": 4.955404212044957
    },
    "problem_46": {
      "generation": 2.1429738053812217,
      "verification": 1.188942924635554,
      "total": 2.286778703972261
    },