,Average Reward,Final Reward,Average Alignment,Final Alignment,Average Trust,Final Trust,Average Adaptability,Final Adaptability
dynamic_alignment,0.07316919690451078,0.0,0.0035714142124843975,0.06334129918679628,0.20537500000000003,0.3175,-0.08063009322701477,0.0385941490926004
static_rlhf,0.11766052297363792,0.1752465872149425,0.04071334987794759,0.0998896163871389,0.20637500000000003,0.3375,0.027981972347931962,0.18873657248011377
direct_rlaif,0.07798869637976927,0.0,-0.01280474666030501,-0.01529589983520816,0.20212499999999997,0.32,-0.14790641193115994,-0.3149396118605157
