{
    "dynamic_alignment": {
        "rewards": [
            0.0,
            0.0,
            0.0,
            0.0,
            0.20794260962589545,
            0.0,
            0.0,
            0.16452168929767713,
            0.0,
            0.0,
            0.11081848357646712,
            0.14115859614374385,
            0.288731346176546,
            0.0,
            0.0848729805859123,
            0.03298318010439573,
            0.00836418740639208,
            0.14115859614374385,
            0.05311208848733393,
            0.08710598136890824,
            0.07548069790033018,
            0.0,
            0.12114084140513164,
            0.0,
            0.0,
            0.0,
            0.0,
            0.0,
            0.0,
            0.24572251745047938,
            0.0,
            0.20586355190528552,
            0.1124696622096463,
            0.17145413660038067,
            0.0,
            0.0,
            0.15994451895389294,
            0.0,
            0.0,
            0.0,
            0.0,
            0.0,
            0.11581496013182735,
            0.029924626208631747,
            0.0,
            0.0,
            0.014607002189485015,
            0.0,
            0.0,
            0.0,
            0.08007004743315843,
            0.47620971584049854,
            0.0,
            0.02659502892956024,
            0.0,
            0.0,
            0.06522341258946157,
            0.1078367322996558,
            0.10132901338659482,
            0.0,
            0.0,
            0.0,
            0.0,
            0.0,
            0.18695685546907168,
            0.0,
            0.1269674789222603,
            0.0,
            0.0,
            0.31668942349336276,
            0.0,
            0.37614139030072113,
            0.0,
            0.08858709539451165,
            0.0,
            0.1767347399287466,
            0.0,
            0.0,
            0.0,
            0.0,
            0.0,
            0.0,
            0.35403571297510394,
            0.11021936083537923,
            0.4348020793999535,
            0.12098621893522822,
            0.3035792325344039,
            0.32580275512598195,
            0.12098621893522822,
            0.3853441354528722,
            0.0,
            0.0,
            0.0,
            0.0,
            0.17585465722071025,
            0.18848210377368602,
            0.0,
            0.0,
            0.0942940274028212,
            0.0
        ],
        "alignment_scores": [
            -0.026311608522217558,
            -0.026311608522217558,
            -0.026311608522217558,
            -0.026311608522217558,
            -0.03381069701170303,
            -0.03381069701170303,
            -0.03381069701170303,
            -0.03381069701170303,
            -0.035313556883733,
            -0.035313556883733,
            -0.035313556883733,
            -0.035313556883733,
            -0.037028616466266775,
            0.03410069518668668,
            0.07607173098478222,
            0.056436568418492136,
            0.09704190976345378,
            0.09154006093523562,
            0.07166808591112235,
            0.06334129918679628
        ],
        "trust_scores": [
            0.1275,
            0.11,
            0.1275,
            0.1325,
            0.12,
            0.12,
            0.15,
            0.1825,
            0.2,
            0.1575,
            0.2025,
            0.2325,
            0.2275,
            0.2575,
            0.265,
            0.2475,
            0.285,
            0.3325,
            0.3125,
            0.3175
        ],
        "adaptability_scores": [
            0.5,
            0.5,
            0.5,
            0.5,
            -0.4396897248971414,
            -0.4396897248971414,
            -0.4396897248971414,
            -0.4396897248971414,
            -0.444632556052182,
            -0.444632556052182,
            -0.444632556052182,
            -0.444632556052182,
            -0.4852760609765905,
            -0.11321503529200302,
            0.09288848437119679,
            -0.05837747396206657,
            0.1637643263643037,
            0.17572170406999885,
            0.11058716558955885,
            0.0385941490926004
        ]
    },
    "static_rlhf": {
        "rewards": [
            0.34917781410835225,
            0.2331030912431279,
            0.015985069369172055,
            0.0,
            0.0,
            0.0,
            0.1062556827397461,
            0.0,
            0.06259055886310184,
            0.0,
            0.161493874938467,
            0.19563510978141127,
            0.0,
            0.20760106444889306,
            0.0,
            0.3783776886810633,
            0.0,
            0.0,
            0.1476436722893686,
            0.006160304436895232,
            0.20586355190528552,
            0.0,
            0.0,
            0.0,
            0.10432838170158815,
            0.3643418975132663,
            0.12136856858506782,
            0.0825086055195968,
            0.03612597399563617,
            0.282986982131601,
            0.0,
            0.1253428235658797,
            0.20969354993668352,
            0.0,
            0.0,
            0.0,
            0.07770178185305339,
            0.0,
            0.0,
            0.0,
            0.14647019850424242,
            0.3058438500206692,
            0.0,
            0.2779102495750098,
            0.06626909429517543,
            0.3660392232242849,
            0.0,
            0.01360834771546958,
            0.1747002221964501,
            0.0,
            0.0,
            0.4182843304161491,
            0.2518635192416116,
            0.0,
            0.5171514076368748,
            0.0,
            0.0,
            0.0,
            0.38333510711395985,
            0.14467601302192795,
            0.0,
            0.0,
            0.0,
            0.0,
            0.0,
            0.2077314446310197,
            0.2077349851854038,
            0.0,
            0.2160317295186558,
            0.0,
            0.13787423864550913,
            0.30865284512574515,
            0.0,
            0.5037554538432126,
            0.0,
            0.08015420122143507,
            0.0,
            0.0,
            0.0,
            0.0,
            0.40504584076630784,
            0.3701229914855961,
            0.13597866996051725,
            0.0388934080773451,
            0.0,
            0.0,
            0.0,
            0.08465241076714355,
            0.33658370381952074,
            0.2424074557295728,
            0.0,
            0.38113779954391397,
            0.0,
            0.056996543620864384,
            0.02781111127689466,
            0.28229770681758576,
            0.20085593155639717,
            0.4736652706269045,
            0.3519843573602227,
            0.1752465872149425
        ],
        "alignment_scores": [
            0.05013088162260792,
            0.05013088162260792,
            0.05013088162260792,
            0.05013088162260792,
            0.00974173262627533,
            0.00974173262627533,
            0.00974173262627533,
            0.00974173262627533,
            0.022613981273754663,
            0.022613981273754663,
            0.022613981273754663,
            0.022613981273754663,
            0.026810665941855064,
            0.009860947444319205,
            0.006392337318501326,
            0.027781857741200667,
            0.07820593315094407,
            0.11142201059226574,
            0.12395724689217523,
            0.0998896163871389
        ],
        "trust_scores": [
            0.1075,
            0.1075,
            0.105,
            0.135,
            0.1575,
            0.1425,
            0.145,
            0.1775,
            0.1875,
            0.2075,
            0.195,
            0.2125,
            0.245,
            0.2225,
            0.2875,
            0.27,
            0.2625,
            0.3175,
            0.305,
            0.3375
        ],