{
  "train_loss": [
    3.0122040112813315,
    2.9801177978515625
  ],
  "val_loss": [
    2.0971555709838867,
    2.09770131111145
  ],
  "val_recall@1": [
    12.5,
    18.75
  ],
  "val_recall@5": [
    56.25,
    43.75
  ],
  "val_recall@10": [
    100.0,
    100.0
  ]
}