{
    "raw_metrics": {
        "BERT": {
            "Accuracy": 0.9050772626931567,
            "Robustness": 0.9072847682119205,
            "Fairness": 0.7856326499483292,
            "Latency (ms)": 7.394320520463915
        },
        "DistilBERT": {
            "Accuracy": 0.7770419426048565,
            "Robustness": 0.7770419426048565,
            "Fairness": 0.9307100483930751,
            "Latency (ms)": 4.598047141281006
        },
        "RoBERTa": {
            "Accuracy": 0.7527593818984547,
            "Robustness": 0.7571743929359823,
            "Fairness": 0.7762398893778784,
            "Latency (ms)": 7.537886317715448
        }
    },
    "normalized_metrics": {
        "Accuracy": {
            "BERT": 0.9050772626931567,
            "DistilBERT": 0.7770419426048565,
            "RoBERTa": 0.7527593818984547
        },
        "Robustness": {
            "BERT": 0.9072847682119205,
            "DistilBERT": 0.7770419426048565,
            "RoBERTa": 0.7571743929359823
        },
        "Fairness": {
            "BERT": 0.7856326499483292,
            "DistilBERT": 0.9307100483930751,
            "RoBERTa": 0.7762398893778784
        },
        "Latency (ms)": {
            "BERT": 7.394320520463915,
            "DistilBERT": 4.598047141281006,
            "RoBERTa": 7.537886317715448
        },
        "Accuracy_norm": {
            "BERT": 1.0,
            "DistilBERT": 0.15942028985507256,
            "RoBERTa": 0.0
        },
        "Robustness_norm": {
            "BERT": 1.0,
            "DistilBERT": 0.13235294117647053,
            "RoBERTa": 0.0
        },
        "Fairness_norm": {
            "BERT": 0.06080631126641578,
            "DistilBERT": 1.0,
            "RoBERTa": 0.0
        },
        "Latency (ms)_norm": {
            "BERT": 0.04883457517075995,
            "DistilBERT": 1.0,
            "RoBERTa": 0.0
        }
    },
    "contextual_scores": {
        "Regulator": {
            "BERT": 0.6243225245065664,
            "DistilBERT": 0.48482523444160275,
            "RoBERTa": 0.0
        },
        "Fintech Startup": {
            "BERT": 0.5256144611949456,
            "DistilBERT": 0.5770034100596761,
            "RoBERTa": 0.0
        }
    }
}