Model,Accuracy (Clean),F1 Score (Clean),Accuracy (Noisy),F1 Score (Noisy)
Bi-Align (Trained),0.955,0.9421666666666667,0.007856341189674524,0.0074822297044519264
Base Multilingual (Untrained),0.933,0.915,0.007856341189674524,0.006734006734006734
DistilUSE,0.944,0.9274666666666667,0.007856341189674524,0.007108118219229329
